model,model_family,pca_components,n_qubits,train_size,accuracy_mean,accuracy_std,f1_mean,f1_std,roc_auc_mean,roc_auc_std,runtime_mean,runtime_std,kernel_total_bytes_mean
Linear SVM — PCA 2,Classical,2,0,50,0.9333333333333332,0.035415139014362,0.9157377379820232,0.0401988850094294,0.9873677248677248,0.0087002956451415,0.0026252199999362,0.0022513607000967,0.0
RBF SVM — PCA 2,Classical,2,0,50,0.926315789473684,0.0281522921682126,0.9007879770915934,0.0353308717199361,0.983862433862434,0.0071935055191422,0.0019315400000778,0.0005324676776814,0.0
"QSVC — PCA 2 / 2Q (reps=1, full)",Quantum,2,2,50,0.8245614035087719,0.0387357932733677,0.7398492726349273,0.0530722718613025,0.8849867724867725,0.0484124047682423,0.0765685200000916,0.0287468252169398,65600.0
Linear SVM — PCA 4,Classical,4,0,50,0.9315789473684212,0.0353063364868388,0.9127577826996432,0.039495829946453,0.9893518518518516,0.0089573072756,0.0016730399998778,0.0005461061554078,0.0
RBF SVM — PCA 4,Classical,4,0,50,0.9421052631578948,0.0294872566911782,0.9222224101678332,0.038456100507403,0.9863756613756614,0.005986271831058,0.0019378200000573,0.0003887727575307,0.0
"QSVC — PCA 4 / 4Q (reps=1, full)",Quantum,4,4,50,0.7263157894736842,0.071640410488054,0.4993941038183068,0.2109778470483522,0.7635582010582012,0.1081650019645069,0.1690349600000445,0.0059485773170809,65600.0
Linear SVM — PCA 2,Classical,2,0,100,0.9473684210526316,0.0175438596491228,0.9286606078324676,0.0226643725059512,0.988425925925926,0.0067285019673861,0.0014396800001122,9.683319147479588e-05,0.0
RBF SVM — PCA 2,Classical,2,0,100,0.924561403508772,0.0237004492738707,0.8965949872036287,0.0316906617335776,0.9848544973544971,0.00915653046708,0.0019664600000396,0.0001932341531089,0.0
"QSVC — PCA 2 / 2Q (reps=1, full)",Quantum,2,2,100,0.8614035087719298,0.0190170906918234,0.7983004356533769,0.0206932372390731,0.921362433862434,0.0101424712467957,0.0779313400002138,0.0095086822659254,171200.0
Linear SVM — PCA 4,Classical,4,0,100,0.9421052631578948,0.0288275030265876,0.9222023760641648,0.035547333739496,0.989021164021164,0.00743643335197,0.0014720599999236,9.428938445466792e-05,0.0
RBF SVM — PCA 4,Classical,4,0,100,0.9385964912280702,0.0138696388603876,0.9154784047992516,0.0217449237833638,0.9883597883597884,0.0044452612470651,0.0019961799999691,0.0002589050732034,0.0
"QSVC — PCA 4 / 4Q (reps=1, full)",Quantum,4,4,100,0.7947368421052631,0.0331713515810334,0.6733430398297128,0.0977746298625985,0.8628306878306878,0.0325533575063468,0.2149478600003021,0.0222459780116943,171200.0
Linear SVM — PCA 2,Classical,2,0,200,0.9421052631578948,0.015935001863671,0.9233674033876872,0.0213364735649938,0.9867063492063493,0.0078860554654585,0.0016614799998023,0.0001568739526028,0.0
RBF SVM — PCA 2,Classical,2,0,200,0.9315789473684212,0.0156917051052616,0.9065848215564608,0.0202334144444963,0.9864417989417988,0.0045039148385834,0.0023049000002174,0.0002902558441489,0.0
"QSVC — PCA 2 / 2Q (reps=1, full)",Quantum,2,2,200,0.887719298245614,0.0144137515132938,0.8406458598840073,0.0259080526886804,0.9453042328042328,0.011475868321652,0.1101698599999508,0.0064593481782716,502400.0
Linear SVM — PCA 4,Classical,4,0,200,0.9578947368421052,0.0156917051052617,0.942907765515845,0.021020885762323,0.991005291005291,0.0028961156145253,0.0018163199999435,0.0002856618927253,0.0
RBF SVM — PCA 4,Classical,4,0,200,0.9508771929824562,0.015935001863671,0.9336508518859418,0.0215929707722819,0.9907407407407408,0.0047173752042616,0.0024228799999946,0.0001433894941099,0.0
"QSVC — PCA 4 / 4Q (reps=1, full)",Quantum,4,4,200,0.8578947368421053,0.028693731989116,0.7942551331903529,0.0440072610939377,0.9298280423280424,0.0148430587487253,0.3117425200003708,0.0191185693312436,502400.0
Linear SVM — PCA 2,Classical,2,0,300,0.9438596491228072,0.0267507906701349,0.9258262266014204,0.0328267085091597,0.9892195767195768,0.0038108096007639,0.0018977200000335,0.000156287721888,0.0
RBF SVM — PCA 2,Classical,2,0,300,0.9333333333333332,0.013303290252722,0.9079876673789872,0.019083533978918,0.9864417989417992,0.004728951602538,0.0029546599999775,0.0005970803028043,0.0
"QSVC — PCA 2 / 2Q (reps=1, full)",Quantum,2,2,300,0.9157894736842106,0.0260217490775286,0.8806921672879622,0.0388396799406774,0.9651455026455024,0.0129952323488271,0.1466323399997236,0.006171732966299,993600.0
Linear SVM — PCA 4,Classical,4,0,300,0.9596491228070174,0.0078458525526308,0.9452893681187928,0.011192377088881,0.9943121693121691,0.0018910024412031,0.0019470999998702,0.0001158523415988,0.0
RBF SVM — PCA 4,Classical,4,0,300,0.9543859649122808,0.0144137515132938,0.9376505033562588,0.0187996773048732,0.993584656084656,0.0036868356434308,0.0030539000000317,0.0002612898581289,0.0
"QSVC — PCA 4 / 4Q (reps=1, full)",Quantum,4,4,300,0.887719298245614,0.0258734757960572,0.8429009643784919,0.0350931407113624,0.9489417989417988,0.0155960598847343,0.4011865800001032,0.022853735600823,993600.0
Linear SVM — PCA 2,Classical,2,0,455,0.9473684210526316,0.015193428136569,0.9302171547585214,0.0181576337881999,0.9897486772486772,0.002635148387981,0.0028027799999108,0.0003615037372402,0.0
RBF SVM — PCA 2,Classical,2,0,455,0.9438596491228072,0.015935001863671,0.9232849190827952,0.0202166129477025,0.9864417989417992,0.0039751373280989,0.0036195200000292,0.0002666416076724,0.0
"QSVC — PCA 2 / 2Q (reps=1, full)",Quantum,2,2,455,0.912280701754386,0.0223641206736525,0.8725547201336676,0.0375802678028589,0.9697089947089946,0.0141068498395662,0.1995768200001293,0.010251110122742,2071160.0
Linear SVM — PCA 4,Classical,4,0,455,0.963157894736842,0.0156917051052616,0.9500933140078492,0.0210720738783046,0.9952380952380953,0.0030181492616678,0.0026928400000542,0.0001028642697167,0.0
RBF SVM — PCA 4,Classical,4,0,455,0.9578947368421052,0.0200030776333181,0.9430206775640696,0.0259090125526613,0.9944444444444444,0.0035105904833571,0.0037393599999631,8.483479837931895e-05,0.0
"QSVC — PCA 4 / 4Q (reps=1, full)",Quantum,4,4,455,0.905263157894737,0.042251209048394,0.8720597553526798,0.0555504130597411,0.9581349206349206,0.0226727448265246,0.5589565399999629,0.0483398181710279,2071160.0
