seed,model,kernel,pca_components,C,gamma,inner_cv_f1_mean,inner_cv_f1_std,inner_cv_accuracy_mean,inner_cv_accuracy_std,inner_cv_roc_auc_mean,inner_cv_roc_auc_std,n_folds
42,Linear SVM — PCA 2,linear,2,0.01,none,0.9099720245499545,0.042743360686526975,0.9362637362637363,0.028444349682516013,0.9882352941176471,0.006131455429313929,5
42,Linear SVM — PCA 2,linear,2,0.1,none,0.9410494120266822,0.023997097184304126,0.956043956043956,0.017375151978947158,0.9885448916408668,0.006500319309916933,5
42,Linear SVM — PCA 2,linear,2,1.0,none,0.9279993947513129,0.0424370892765702,0.9472527472527472,0.02844434968251601,0.9896800825593395,0.007521867769408256,5
42,Linear SVM — PCA 2,linear,2,10.0,none,0.9307643717098383,0.03673336765874872,0.9494505494505494,0.02407571681341391,0.9896800825593395,0.007521867769408256,5
42,Linear SVM — PCA 2,linear,2,100.0,none,0.9307643717098383,0.03673336765874872,0.9494505494505494,0.02407571681341391,0.9896800825593395,0.007521867769408256,5
42,RBF SVM — PCA 2,rbf,2,0.01,scale,0.5211799773871929,0.032152819638134114,0.7582417582417582,0.010989010989010986,0.9775025799793602,0.011408060768161449,5
42,RBF SVM — PCA 2,rbf,2,0.01,auto,0.0,0.0,0.6263736263736264,0.0,0.9726522187822498,0.015866348670301168,5
42,RBF SVM — PCA 2,rbf,2,0.01,0.01,0.0,0.0,0.6263736263736264,0.0,0.9808049535603715,0.010386780301412669,5
42,RBF SVM — PCA 2,rbf,2,0.01,0.1,0.07687687687687687,0.07320801504973055,0.6417582417582418,0.014743305346152445,0.9768833849329205,0.012103375864745669,5
42,RBF SVM — PCA 2,rbf,2,0.01,1.0,0.0,0.0,0.6263736263736264,0.0,0.9724458204334365,0.01664676578033376,5
42,RBF SVM — PCA 2,rbf,2,0.1,scale,0.9092539769273748,0.05220604752393283,0.9340659340659341,0.03726554935783114,0.9825593395252838,0.010014840510017779,5
42,RBF SVM — PCA 2,rbf,2,0.1,auto,0.9116941261093128,0.036771464796634866,0.9318681318681319,0.02844434968251602,0.9737874097007225,0.014343385913490568,5
42,RBF SVM — PCA 2,rbf,2,0.1,0.01,0.8930975403321335,0.045440605100253446,0.9252747252747252,0.030493267968157375,0.983797729618163,0.009285058610340999,5
42,RBF SVM — PCA 2,rbf,2,0.1,0.1,0.9138175344015707,0.05022618041650383,0.9362637362637363,0.036776264902596716,0.9802889576883385,0.011615065933315242,5
42,RBF SVM — PCA 2,rbf,2,0.1,1.0,0.9216068118789804,0.035306780339914905,0.9406593406593406,0.026465043030312736,0.9716202270381837,0.015250275238525955,5
42,RBF SVM — PCA 2,rbf,2,1.0,scale,0.8944862355953905,0.0514979642619663,0.923076923076923,0.03644642626764174,0.9829721362229101,0.00882488719116978,5
42,RBF SVM — PCA 2,rbf,2,1.0,auto,0.9295931597424134,0.039153725637620526,0.9472527472527472,0.028444349682516044,0.9657378740970073,0.028442093128067152,5
42,RBF SVM — PCA 2,rbf,2,1.0,0.01,0.9149228789209035,0.05264619745713932,0.9384615384615385,0.03694007981092664,0.9867905056759547,0.007632554009123067,5
42,RBF SVM — PCA 2,rbf,2,1.0,0.1,0.9107524978669206,0.05438882636409274,0.9340659340659341,0.03885202094431582,0.978844169246646,0.010730977473212203,5
42,RBF SVM — PCA 2,rbf,2,1.0,1.0,0.9241551050081002,0.03298658697428426,0.9428571428571428,0.023823608119427225,0.9619195046439628,0.02907351713906526,5
42,RBF SVM — PCA 2,rbf,2,10.0,scale,0.9169645323311773,0.04507766428193024,0.9384615384615385,0.03259867466855236,0.9804953560371518,0.01025132000087235,5
42,RBF SVM — PCA 2,rbf,2,10.0,auto,0.9210233021295358,0.038502832998118124,0.9406593406593406,0.02865583474814348,0.9491228070175438,0.017324710284775526,5
42,RBF SVM — PCA 2,rbf,2,10.0,0.01,0.9167136245746977,0.047646441059861065,0.9384615384615385,0.03351197952082838,0.9871001031991744,0.007901647487674694,5
42,RBF SVM — PCA 2,rbf,2,10.0,0.1,0.9305451732931977,0.03453282578937882,0.9472527472527472,0.02623590414574359,0.9736842105263157,0.014516826518715385,5
42,RBF SVM — PCA 2,rbf,2,10.0,1.0,0.9146133814271387,0.03986321300881753,0.9362637362637363,0.028444349682516027,0.9456140350877194,0.016825738470993796,5
42,RBF SVM — PCA 2,rbf,2,100.0,scale,0.9236735542436343,0.021321614373532836,0.9428571428571428,0.016299337334276173,0.9799793601651187,0.011791380691189773,5
42,RBF SVM — PCA 2,rbf,2,100.0,auto,0.9212125640770141,0.03471637098793217,0.9406593406593406,0.026465043030312715,0.9377708978328174,0.02325018080856324,5
42,RBF SVM — PCA 2,rbf,2,100.0,0.01,0.914063521055029,0.04726093539795101,0.9362637362637363,0.03333132063319364,0.9858617131062951,0.008106227816988866,5
42,RBF SVM — PCA 2,rbf,2,100.0,0.1,0.9207599461126348,0.02754561983966016,0.9406593406593406,0.019962529807236194,0.9719298245614036,0.01890475364932739,5
42,RBF SVM — PCA 2,rbf,2,100.0,1.0,0.908997867803838,0.03260183014200665,0.9318681318681319,0.02382360811942722,0.9374613003095975,0.03388604253825531,5
42,"QSVC — PCA 2 / 2Q (reps=1, full)",quantum,2,0.01,none,0.0,0.0,0.6263736263736264,0.0,0.9523219814241486,0.020783171021987783,5
42,"QSVC — PCA 2 / 2Q (reps=1, full)",quantum,2,0.1,none,0.8244489247311828,0.0387973287996865,0.8813186813186814,0.02505880055162939,0.9631578947368421,0.01604821822068075,5
42,"QSVC — PCA 2 / 2Q (reps=1, full)",quantum,2,1.0,none,0.8676925980425969,0.04160429692588906,0.9076923076923077,0.027582198676947528,0.962125902992776,0.015235428018039872,5
42,"QSVC — PCA 2 / 2Q (reps=1, full)",quantum,2,10.0,none,0.8801955822189163,0.033525538484551254,0.9120879120879121,0.02457217557692078,0.9492260061919504,0.027053147373062483,5
42,"QSVC — PCA 2 / 2Q (reps=1, full)",quantum,2,100.0,none,0.8828645980884786,0.036477720020959344,0.9142857142857143,0.02623590414574359,0.9465428276573787,0.026818385953311322,5
42,Linear SVM — PCA 4,linear,4,0.01,none,0.9453088727129648,0.009187590487420723,0.9604395604395604,0.006018929203353452,0.9909184726522188,0.0071368030555294774,5
42,Linear SVM — PCA 4,linear,4,0.1,none,0.9401303012843935,0.02008238529441304,0.956043956043956,0.013458734850457028,0.9924664602683178,0.006219837442849988,5
42,Linear SVM — PCA 4,linear,4,1.0,none,0.9558952266575277,0.017625705824060204,0.9670329670329672,0.013458734850457078,0.9928792569659443,0.005330015070636433,5
42,Linear SVM — PCA 4,linear,4,10.0,none,0.9499250774037964,0.007305168061927618,0.9626373626373625,0.006018929203353452,0.9926728586171312,0.005526217021874233,5
42,Linear SVM — PCA 4,linear,4,100.0,none,0.9499250774037964,0.007305168061927618,0.9626373626373625,0.006018929203353452,0.9926728586171312,0.005526217021874233,5
42,RBF SVM — PCA 4,rbf,4,0.01,scale,0.0,0.0,0.6263736263736264,0.0,0.983797729618163,0.007982107577028805,5
42,RBF SVM — PCA 4,rbf,4,0.01,auto,0.0,0.0,0.6263736263736264,0.0,0.9829721362229102,0.00815861109434565,5
42,RBF SVM — PCA 4,rbf,4,0.01,0.01,0.0,0.0,0.6263736263736264,0.0,0.9840041279669762,0.008756740324291662,5
42,RBF SVM — PCA 4,rbf,4,0.01,0.1,0.0,0.0,0.6263736263736264,0.0,0.9840041279669762,0.007521867769408303,5
42,RBF SVM — PCA 4,rbf,4,0.01,1.0,0.0,0.0,0.6263736263736264,0.0,0.9773993808049536,0.007498824406433433,5
42,RBF SVM — PCA 4,rbf,4,0.1,scale,0.9148483825217802,0.021724484643758906,0.9384615384615385,0.014743305346152445,0.9880288957688338,0.006993600262365248,5
42,RBF SVM — PCA 4,rbf,4,0.1,auto,0.9207403893389869,0.023977934842307057,0.9406593406593406,0.016665660316596796,0.9833849329205366,0.008275261175120558,5
42,RBF SVM — PCA 4,rbf,4,0.1,0.01,0.9100903263403264,0.02816155682102416,0.9362637362637363,0.019657740461536635,0.9868937048503612,0.008569260754558855,5
42,RBF SVM — PCA 4,rbf,4,0.1,0.1,0.9210241250650458,0.020533835160990603,0.9406593406593406,0.01474330534615247,0.987203302373581,0.00770891615974538,5
42,RBF SVM — PCA 4,rbf,4,0.1,1.0,0.0,0.0,0.6263736263736264,0.0,0.9773993808049536,0.007498824406433433,5
42,RBF SVM — PCA 4,rbf,4,1.0,scale,0.9317980570154484,0.027158711847618245,0.9494505494505494,0.019962529807236194,0.9922600619195047,0.0061162381791174895,5
42,RBF SVM — PCA 4,rbf,4,1.0,auto,0.9233887096831683,0.02359775777636278,0.9428571428571428,0.016299337334276163,0.9836945304437565,0.007762265697065728,5
42,RBF SVM — PCA 4,rbf,4,1.0,0.01,0.9371084413035782,0.013539289400146794,0.9538461538461538,0.009194066225649196,0.9918472652218782,0.005330015070636455,5
42,RBF SVM — PCA 4,rbf,4,1.0,0.1,0.9353789205963119,0.026951514726674196,0.9516483516483516,0.019962529807236177,0.9888544891640867,0.007420300521051606,5
42,RBF SVM — PCA 4,rbf,4,1.0,1.0,0.9002924908625708,0.029993089320544886,0.9208791208791208,0.027362416698876353,0.9777089783281735,0.008466107039006666,5
42,RBF SVM — PCA 4,rbf,4,10.0,scale,0.9381077278827963,0.026302819242313265,0.9538461538461538,0.019657740461536597,0.9913312693498453,0.006355343338576771,5
42,RBF SVM — PCA 4,rbf,4,10.0,auto,0.9224647254051351,0.020412504445335246,0.9406593406593406,0.016665660316596807,0.9667698658410732,0.008949219149093404,5
42,RBF SVM — PCA 4,rbf,4,10.0,0.01,0.9469191677887331,0.022804550040939314,0.9604395604395604,0.016665660316596807,0.9931888544891642,0.004748844319852861,5
42,RBF SVM — PCA 4,rbf,4,10.0,0.1,0.9201014139463313,0.02474155184518647,0.9406593406593406,0.016665660316596803,0.983797729618163,0.008228476011424422,5
42,RBF SVM — PCA 4,rbf,4,10.0,1.0,0.893357767148812,0.02536829639267153,0.9142857142857143,0.02382360811942727,0.9725490196078432,0.0076743002858939875,5
42,RBF SVM — PCA 4,rbf,4,100.0,scale,0.9321420200538387,0.02337067097409895,0.9494505494505494,0.016665660316596807,0.9851393188854489,0.009447093904103837,5
42,RBF SVM — PCA 4,rbf,4,100.0,auto,0.8922721579697676,0.04702968067955206,0.9164835164835164,0.03774849238970914,0.9541795665634675,0.01899537727941144,5
42,RBF SVM — PCA 4,rbf,4,100.0,0.01,0.9531898969575027,0.018905124669678343,0.9648351648351647,0.014327917374071748,0.9924664602683178,0.006419950883383221,5
42,RBF SVM — PCA 4,rbf,4,100.0,0.1,0.906634035879982,0.030434091846186805,0.9296703296703297,0.02142152603254715,0.9679050567595459,0.009711146497304228,5
42,RBF SVM — PCA 4,rbf,4,100.0,1.0,0.893357767148812,0.02536829639267153,0.9142857142857143,0.02382360811942727,0.9725490196078432,0.0076743002858939875,5
42,"QSVC — PCA 4 / 4Q (reps=1, full)",quantum,4,0.01,none,0.0,0.0,0.6263736263736264,0.0,0.9626418988648091,0.01057225049046607,5
42,"QSVC — PCA 4 / 4Q (reps=1, full)",quantum,4,0.1,none,0.5759796172593548,0.14522088759708165,0.778021978021978,0.05293008606062546,0.9624355005159959,0.01134252356163799,5
42,"QSVC — PCA 4 / 4Q (reps=1, full)",quantum,4,1.0,none,0.871281863916135,0.06713444562023267,0.9076923076923077,0.04504154182839382,0.9687306501547989,0.009895826895994764,5
42,"QSVC — PCA 4 / 4Q (reps=1, full)",quantum,4,10.0,none,0.8556690368455074,0.01933677658760495,0.8923076923076924,0.016299337334276187,0.9600619195046439,0.00718328526534359,5
42,"QSVC — PCA 4 / 4Q (reps=1, full)",quantum,4,100.0,none,0.8146013419940104,0.04249844226234924,0.8659340659340659,0.026235904145743547,0.9424148606811146,0.021129385167504244,5
123,Linear SVM — PCA 2,linear,2,0.01,none,0.9126916263159147,0.044873353287785286,0.9384615384615385,0.029690672716717163,0.9862745098039216,0.013805180022726064,5
123,Linear SVM — PCA 2,linear,2,0.1,none,0.9249090515800444,0.04724460863780454,0.945054945054945,0.033870406609719676,0.9871001031991744,0.01278066674561489,5
123,Linear SVM — PCA 2,linear,2,1.0,none,0.9319218700399752,0.04699629658843464,0.9494505494505494,0.03351197952082839,0.9874097007223941,0.013324288356309144,5
123,Linear SVM — PCA 2,linear,2,10.0,none,0.9291889507853167,0.04558423512073053,0.9472527472527472,0.03241292572253327,0.987719298245614,0.01295344921322954,5
123,Linear SVM — PCA 2,linear,2,100.0,none,0.9291889507853167,0.04558423512073053,0.9472527472527472,0.03241292572253327,0.987719298245614,0.01295344921322954,5
123,RBF SVM — PCA 2,rbf,2,0.01,scale,0.45594315245478034,0.10501372738707633,0.7384615384615385,0.032412925722533285,0.9762641898864809,0.019743164571423076,5
123,RBF SVM — PCA 2,rbf,2,0.01,auto,0.0,0.0,0.6263736263736264,0.0,0.9688338493292055,0.02171049182405943,5
123,RBF SVM — PCA 2,rbf,2,0.01,0.01,0.0,0.0,0.6263736263736264,0.0,0.9794633642930857,0.017392964869078802,5
123,RBF SVM — PCA 2,rbf,2,0.01,0.1,0.011428571428571429,0.025555062599997597,0.6285714285714286,0.004914435115384135,0.9746130030959751,0.02026688331314823,5
123,RBF SVM — PCA 2,rbf,2,0.01,1.0,0.0,0.0,0.6263736263736264,0.0,0.968937048503612,0.025754345935709504,5
123,RBF SVM — PCA 2,rbf,2,0.1,scale,0.8973755411255411,0.044741299045265435,0.9274725274725275,0.030690637458832867,0.9820433436532507,0.016888127896244935,5
123,RBF SVM — PCA 2,rbf,2,0.1,auto,0.8957992645468311,0.054941226746698164,0.9208791208791208,0.04284305206509434,0.9687306501547989,0.02231525552706185,5
123,RBF SVM — PCA 2,rbf,2,0.1,0.01,0.8909684312103667,0.04037951135155964,0.9252747252747252,0.026235904145743595,0.98328173374613,0.01481456409230474,5
123,RBF SVM — PCA 2,rbf,2,0.1,0.1,0.899008193299238,0.04177272787657893,0.9274725274725275,0.02969067271671715,0.9789473684210528,0.017369987671761407,5
123,RBF SVM — PCA 2,rbf,2,0.1,1.0,0.8887641028066191,0.046314050847670735,0.9208791208791208,0.033331320633193634,0.9695562435500517,0.025019149478639112,5
123,RBF SVM — PCA 2,rbf,2,1.0,scale,0.9047650143973673,0.039667693545253305,0.9318681318681319,0.027362416698876367,0.9810113519091848,0.016517510645736325,5
123,RBF SVM — PCA 2,rbf,2,1.0,auto,0.9225816450475763,0.0526369848247951,0.9428571428571428,0.03677626490259675,0.9648090815273477,0.029433030531903697,5
123,RBF SVM — PCA 2,rbf,2,1.0,0.01,0.9079380913204442,0.05601625333746071,0.9340659340659341,0.03885202094431579,0.985655314757482,0.012625565995674453,5
123,RBF SVM — PCA 2,rbf,2,1.0,0.1,0.9083020516148356,0.05433965018107072,0.9340659340659341,0.03806705071579951,0.977296181630547,0.018493251741442143,5
123,RBF SVM — PCA 2,rbf,2,1.0,1.0,0.923310415075121,0.04183720362524123,0.9428571428571428,0.02948661069230496,0.9682146542827658,0.020596574891726428,5
123,RBF SVM — PCA 2,rbf,2,10.0,scale,0.9142499925627765,0.056118658401474855,0.9384615384615385,0.039315480923073215,0.9756449948400412,0.02049874376631829,5
123,RBF SVM — PCA 2,rbf,2,10.0,auto,0.913952494168648,0.06313774744088906,0.9384615384615385,0.04155531956305284,0.9509803921568627,0.01935156511104143,5
123,RBF SVM — PCA 2,rbf,2,10.0,0.01,0.9154761026881403,0.05266756683872753,0.9384615384615385,0.03853995146538501,0.9858617131062951,0.01253668226029153,5
123,RBF SVM — PCA 2,rbf,2,10.0,0.1,0.9273173203607987,0.05665983013146945,0.9472527472527472,0.03992505961447243,0.9662538699690403,0.026656568488690146,5
123,RBF SVM — PCA 2,rbf,2,10.0,1.0,0.9017526239545013,0.058585076248133076,0.9296703296703297,0.03853995146538501,0.9464396284829721,0.01783510453359843,5
123,RBF SVM — PCA 2,rbf,2,100.0,scale,0.9240322596503647,0.0627683756327815,0.945054945054945,0.04326377952753741,0.9603715170278637,0.03919429376859675,5
123,RBF SVM — PCA 2,rbf,2,100.0,auto,0.8926930375127717,0.055330678577577945,0.9230769230769231,0.03644642626764177,0.9280701754385964,0.030956742199728753,5
123,RBF SVM — PCA 2,rbf,2,100.0,0.01,0.9246335062298723,0.04702711873054837,0.945054945054945,0.033870406609719676,0.9846233230134158,0.014587268098315476,5
123,RBF SVM — PCA 2,rbf,2,100.0,0.1,0.9170964301399085,0.07276407127690077,0.9406593406593406,0.049511561872829964,0.9614035087719298,0.03541137980461413,5
123,RBF SVM — PCA 2,rbf,2,100.0,1.0,0.8965041394183227,0.05509617571484037,0.9252747252747253,0.03594599392043105,0.9257997936016512,0.02567928512141347,5
123,"QSVC — PCA 2 / 2Q (reps=1, full)",quantum,2,0.01,none,0.0,0.0,0.6263736263736264,0.0,0.941795665634675,0.04344703627130177,5
123,"QSVC — PCA 2 / 2Q (reps=1, full)",quantum,2,0.1,none,0.8182496480160552,0.07306351309953418,0.8813186813186814,0.04213250442347434,0.94984520123839,0.041516670012748655,5
123,"QSVC — PCA 2 / 2Q (reps=1, full)",quantum,2,1.0,none,0.8535201197270161,0.061856326622976715,0.8989010989010989,0.03758820082744412,0.9560371517027864,0.03134520969434376,5
123,"QSVC — PCA 2 / 2Q (reps=1, full)",quantum,2,10.0,none,0.881521802750951,0.08575707188882707,0.9164835164835164,0.05417036283018129,0.9524251805985552,0.044951503922198176,5
123,"QSVC — PCA 2 / 2Q (reps=1, full)",quantum,2,100.0,none,0.9015295718494747,0.06833004080349386,0.9296703296703296,0.04436621810590408,0.9533539731682147,0.050267373988463745,5
123,Linear SVM — PCA 4,linear,4,0.01,none,0.937349656984382,0.038909038648027534,0.956043956043956,0.025771515163864986,0.9918472652218782,0.009786253157457956,5
123,Linear SVM — PCA 4,linear,4,0.1,none,0.9418640493186242,0.041080205063066866,0.9582417582417582,0.028444349682516062,0.9922600619195047,0.009817491016739163,5
123,Linear SVM — PCA 4,linear,4,1.0,none,0.9459493118821477,0.027641916242768582,0.9604395604395604,0.01996252980723628,0.9922600619195047,0.011108901001863257,5
123,Linear SVM — PCA 4,linear,4,10.0,none,0.9454732317726172,0.042551322062132704,0.9604395604395604,0.02969067271671718,0.9925696594427246,0.01040726706747469,5
123,Linear SVM — PCA 4,linear,4,100.0,none,0.9482061510272756,0.04277949681886479,0.9626373626373625,0.02969067271671718,0.9924664602683178,0.010368821176675643,5
123,RBF SVM — PCA 4,rbf,4,0.01,scale,0.0,0.0,0.6263736263736264,0.0,0.9815273477812176,0.016204242220595768,5
123,RBF SVM — PCA 4,rbf,4,0.01,auto,0.0,0.0,0.6263736263736264,0.0,0.9781217750257998,0.017621844520641358,5
123,RBF SVM — PCA 4,rbf,4,0.01,0.01,0.0,0.0,0.6263736263736264,0.0,0.9829721362229101,0.016321300984452728,5
123,RBF SVM — PCA 4,rbf,4,0.01,0.1,0.0,0.0,0.6263736263736264,0.0,0.9804953560371518,0.01704114939694648,5
123,RBF SVM — PCA 4,rbf,4,0.01,1.0,0.0,0.0,0.6263736263736264,0.0,0.9535603715170279,0.016700260405244863,5
123,RBF SVM — PCA 4,rbf,4,0.1,scale,0.9192307692307693,0.025755952376882447,0.9428571428571428,0.01805678761006044,0.9859649122807017,0.014646468068508516,5
123,RBF SVM — PCA 4,rbf,4,0.1,auto,0.8517175878917268,0.08829367738271829,0.9032967032967033,0.052356612086029014,0.9782249742002064,0.017560545698127407,5
123,RBF SVM — PCA 4,rbf,4,0.1,0.01,0.9060276749515248,0.03150411096271441,0.9362637362637363,0.01965774046153663,0.9874097007223943,0.013061933814073681,5
123,RBF SVM — PCA 4,rbf,4,0.1,0.1,0.9208732933732934,0.03401554642049602,0.9428571428571428,0.023823608119427252,0.9849329205366356,0.0149612111067343,5
123,RBF SVM — PCA 4,rbf,4,0.1,1.0,0.0,0.0,0.6263736263736264,0.0,0.9535603715170279,0.016612342654288174,5
123,RBF SVM — PCA 4,rbf,4,1.0,scale,0.9363622596245607,0.045832224407545995,0.9538461538461538,0.03241292572253328,0.9910216718266254,0.01308230172573434,5
123,RBF SVM — PCA 4,rbf,4,1.0,auto,0.9239793350787675,0.037264292561599584,0.9428571428571428,0.027362416698876294,0.9729618163054695,0.022102458968849003,5
123,RBF SVM — PCA 4,rbf,4,1.0,0.01,0.9377548431960196,0.0470521482001595,0.956043956043956,0.03203819722442469,0.9929824561403509,0.009719368155187688,5
123,RBF SVM — PCA 4,rbf,4,1.0,0.1,0.936555958960051,0.04314187019816258,0.9538461538461538,0.03049326796815736,0.9833849329205366,0.01898486187406288,5
123,RBF SVM — PCA 4,rbf,4,1.0,1.0,0.8385280237074877,0.057757189936397335,0.8813186813186814,0.03916160369495704,0.946078431372549,0.021392058761322233,5
123,RBF SVM — PCA 4,rbf,4,10.0,scale,0.9431552760964526,0.03779740181643351,0.9582417582417582,0.027362416698876322,0.9893704850361196,0.012933907693106591,5
123,RBF SVM — PCA 4,rbf,4,10.0,auto,0.8841944596874175,0.044977906481380364,0.9098901098901099,0.03677626490259676,0.9518059855521155,0.0199497644318151,5
123,RBF SVM — PCA 4,rbf,4,10.0,0.01,0.9425161057784068,0.03374620795584201,0.9582417582417582,0.0238236081194273,0.9926728586171312,0.010520496580453976,5
123,RBF SVM — PCA 4,rbf,4,10.0,0.1,0.9235511781680585,0.028658311665638002,0.9428571428571428,0.02113778468315532,0.9730650154798761,0.015631353804351492,5
123,RBF SVM — PCA 4,rbf,4,10.0,1.0,0.8429849433939836,0.049380807928314605,0.8791208791208792,0.04256025655172984,0.929360165118679,0.03353099830727505,5
123,RBF SVM — PCA 4,rbf,4,100.0,scale,0.9140875744993933,0.030538472812188074,0.9362637362637363,0.021137784683155324,0.9738906088751291,0.01284093853868187,5
123,RBF SVM — PCA 4,rbf,4,100.0,auto,0.8658952391126304,0.05556654745183453,0.8945054945054945,0.045706888666121825,0.9209494324045409,0.03228254265903377,5
123,RBF SVM — PCA 4,rbf,4,100.0,0.01,0.9306738601178569,0.04352460618448638,0.9494505494505494,0.029690672716717135,0.9923632610939113,0.010309592358094595,5
123,RBF SVM — PCA 4,rbf,4,100.0,0.1,0.890569042635654,0.0439016975399331,0.9164835164835164,0.03440104580768906,0.9502579979360165,0.019949764431815155,5
123,RBF SVM — PCA 4,rbf,4,100.0,1.0,0.851913514822555,0.046439139138831624,0.8835164835164836,0.042275569366310634,0.9283281733746132,0.033612289540457696,5
123,"QSVC — PCA 4 / 4Q (reps=1, full)",quantum,4,0.01,none,0.0,0.0,0.6263736263736264,0.0,0.9471620227038183,0.02230033631782657,5
123,"QSVC — PCA 4 / 4Q (reps=1, full)",quantum,4,0.1,none,0.28597844583096993,0.17117582058230738,0.6901098901098901,0.040674187963344495,0.9474716202270381,0.022451454164107806,5
123,"QSVC — PCA 4 / 4Q (reps=1, full)",quantum,4,1.0,none,0.8387472249514367,0.020182267091518342,0.8835164835164836,0.014743305346152442,0.9525283797729618,0.019786944776897904,5
123,"QSVC — PCA 4 / 4Q (reps=1, full)",quantum,4,10.0,none,0.8102541451579228,0.0318009607980954,0.8615384615384615,0.022787298190470005,0.9175438596491228,0.02994421454382903,5
123,"QSVC — PCA 4 / 4Q (reps=1, full)",quantum,4,100.0,none,0.7629181747214535,0.02246337880840538,0.8263736263736263,0.019657740461536594,0.8928792569659443,0.032492584145371387,5
456,Linear SVM — PCA 2,linear,2,0.01,none,0.9095691360610715,0.04228516708528956,0.9362637362637363,0.02736241669887636,0.9889576883384933,0.007973764199001863,5
456,Linear SVM — PCA 2,linear,2,0.1,none,0.9145873148590541,0.04635994233132124,0.9384615384615385,0.03165903360634715,0.9889576883384933,0.0071740129170029835,5
456,Linear SVM — PCA 2,linear,2,1.0,none,0.9246283001036522,0.03175646104525416,0.945054945054945,0.02197802197802201,0.9893704850361196,0.0073481870459930106,5
456,Linear SVM — PCA 2,linear,2,10.0,none,0.9245438012691534,0.03734127720085101,0.945054945054945,0.025771515163865014,0.9894736842105264,0.007220255582956419,5
456,Linear SVM — PCA 2,linear,2,100.0,none,0.9245438012691534,0.03734127720085101,0.945054945054945,0.025771515163865014,0.9894736842105264,0.007220255582956419,5
456,RBF SVM — PCA 2,rbf,2,0.01,scale,0.45328839456240877,0.04889218906530693,0.7362637362637362,0.015540808377726301,0.9805985552115584,0.010684977589717063,5
456,RBF SVM — PCA 2,rbf,2,0.01,auto,0.0,0.0,0.6263736263736264,0.0,0.9747162022703819,0.017540065151479448,5
456,RBF SVM — PCA 2,rbf,2,0.01,0.01,0.0,0.0,0.6263736263736264,0.0,0.9822497420020639,0.009363583607103758,5
456,RBF SVM — PCA 2,rbf,2,0.01,0.1,0.032432432432432434,0.07252112359458777,0.6329670329670329,0.01474330534615246,0.9804953560371518,0.01253030929592464,5
456,RBF SVM — PCA 2,rbf,2,0.01,1.0,0.0,0.0,0.6263736263736264,0.0,0.9740970072239422,0.02117910069626166,5
456,RBF SVM — PCA 2,rbf,2,0.1,scale,0.9111617549117549,0.02953357152857419,0.9362637362637363,0.019657740461536614,0.9841073271413828,0.011706398701347112,5
456,RBF SVM — PCA 2,rbf,2,0.1,auto,0.8938915985974809,0.03755906165448645,0.9186813186813186,0.030690637458832874,0.9762641898864809,0.016198490353294428,5
456,RBF SVM — PCA 2,rbf,2,0.1,0.01,0.9030383236834849,0.0327632390409279,0.9318681318681319,0.02113778468315532,0.9859649122807017,0.010205767029990626,5
456,RBF SVM — PCA 2,rbf,2,0.1,0.1,0.921523574464751,0.037231647928093206,0.9428571428571428,0.02623590414574353,0.9827657378740969,0.012387125483183638,5
456,RBF SVM — PCA 2,rbf,2,0.1,1.0,0.8989265398818368,0.035616696544926905,0.9252747252747252,0.027362416698876343,0.9742002063983488,0.020835629628039195,5
456,RBF SVM — PCA 2,rbf,2,1.0,scale,0.9130179741242077,0.03337308169072181,0.9362637362637363,0.023823608119427235,0.9854489164086688,0.012125354048571867,5
456,RBF SVM — PCA 2,rbf,2,1.0,auto,0.9217518468264737,0.040048050652344715,0.9406593406593406,0.030690637458832885,0.96109391124871,0.028617077100115563,5
456,RBF SVM — PCA 2,rbf,2,1.0,0.01,0.9245113095859365,0.025282161687706486,0.945054945054945,0.017375151978947106,0.9891640866873065,0.00838394056205981,5
456,RBF SVM — PCA 2,rbf,2,1.0,0.1,0.9127216432172629,0.03707732100767699,0.9362637362637363,0.026235904145743543,0.9823529411764707,0.012609739850655038,5
456,RBF SVM — PCA 2,rbf,2,1.0,1.0,0.918616661647984,0.04942699476532799,0.9384615384615385,0.036113575220120854,0.9679050567595461,0.03338736526996554,5
456,RBF SVM — PCA 2,rbf,2,10.0,scale,0.92240465416936,0.036510503726371095,0.9428571428571428,0.026235904145743543,0.9840041279669762,0.013475299130237938,5
456,RBF SVM — PCA 2,rbf,2,10.0,auto,0.913908313908314,0.05422649956615829,0.9362637362637363,0.03838296526719338,0.9436532507739939,0.03921466784838032,5
456,RBF SVM — PCA 2,rbf,2,10.0,0.01,0.9244347468388389,0.02539333112980907,0.945054945054945,0.017375151978947123,0.9891640866873065,0.008084850163050751,5
456,RBF SVM — PCA 2,rbf,2,10.0,0.1,0.9290212015329986,0.032650259947990645,0.9472527472527472,0.023823608119427277,0.9699690402476782,0.018451452514114234,5
456,RBF SVM — PCA 2,rbf,2,10.0,1.0,0.8997807367670381,0.048221781554256694,0.9252747252747253,0.03422508022504931,0.94984520123839,0.043799509548905186,5
456,RBF SVM — PCA 2,rbf,2,100.0,scale,0.9318540878139305,0.030296109844889445,0.9494505494505494,0.02278729819047005,0.9746130030959751,0.016693881999433943,5
456,RBF SVM — PCA 2,rbf,2,100.0,auto,0.9063983551659607,0.05539906702335947,0.9318681318681319,0.0375882008274441,0.9471620227038183,0.04615005464160357,5
456,RBF SVM — PCA 2,rbf,2,100.0,0.01,0.9276390675042352,0.025864690209486528,0.9472527472527472,0.01805678761006043,0.9888544891640867,0.007275358816105136,5
456,RBF SVM — PCA 2,rbf,2,100.0,0.1,0.929561281879927,0.04491108351641737,0.9472527472527472,0.03333132063319367,0.9678018575851393,0.020751118982585467,5
456,RBF SVM — PCA 2,rbf,2,100.0,1.0,0.891630573159128,0.047047130055970325,0.9208791208791208,0.03146773860060735,0.938390092879257,0.05114818028484525,5
456,"QSVC — PCA 2 / 2Q (reps=1, full)",quantum,2,0.01,none,0.0,0.0,0.6263736263736264,0.0,0.9463364293085655,0.025608163454442875,5
456,"QSVC — PCA 2 / 2Q (reps=1, full)",quantum,2,0.1,none,0.827518285348851,0.06477003732558528,0.8813186813186814,0.044907289542203445,0.9568627450980391,0.01681782457258745,5
456,"QSVC — PCA 2 / 2Q (reps=1, full)",quantum,2,1.0,none,0.8753691872643486,0.044649034834095214,0.9120879120879121,0.031081616755452682,0.9676986584107328,0.01373266570663586,5
456,"QSVC — PCA 2 / 2Q (reps=1, full)",quantum,2,10.0,none,0.8750358800247688,0.05185561738687342,0.9098901098901099,0.03677626490259674,0.9642930856553148,0.014845085555861741,5
456,"QSVC — PCA 2 / 2Q (reps=1, full)",quantum,2,100.0,none,0.8680532055452724,0.05828394649702137,0.9032967032967033,0.042843052065094346,0.9611971104231166,0.010348258298377981,5
456,Linear SVM — PCA 4,linear,4,0.01,none,0.9479550596462362,0.02660958973520992,0.9626373626373625,0.018388132451298354,0.9929824561403509,0.007736497343236867,5
456,Linear SVM — PCA 4,linear,4,0.1,none,0.951659982174688,0.028345462368226226,0.9648351648351647,0.019657740461536597,0.993498452012384,0.007136803055529391,5
456,Linear SVM — PCA 4,linear,4,1.0,none,0.954729035883128,0.02775111781379776,0.9670329670329669,0.019033525357899737,0.993188854489164,0.00729180858697184,5
456,Linear SVM — PCA 4,linear,4,10.0,none,0.9577128380996667,0.030544094423308667,0.9692307692307691,0.021137784683155334,0.9932920536635705,0.007084380917309494,5
456,Linear SVM — PCA 4,linear,4,100.0,none,0.9577128380996667,0.030544094423308667,0.9692307692307691,0.021137784683155334,0.9932920536635705,0.007084380917309494,5
456,RBF SVM — PCA 4,rbf,4,0.01,scale,0.0,0.0,0.6263736263736264,0.0,0.9858617131062951,0.008089788481843555,5
456,RBF SVM — PCA 4,rbf,4,0.01,auto,0.0,0.0,0.6263736263736264,0.0,0.9843137254901961,0.008956653909160395,5
456,RBF SVM — PCA 4,rbf,4,0.01,0.01,0.0,0.0,0.6263736263736264,0.0,0.9852425180598555,0.008031985843558543,5
456,RBF SVM — PCA 4,rbf,4,0.01,0.1,0.0,0.0,0.6263736263736264,0.0,0.9841073271413829,0.008458241101194731,5
456,RBF SVM — PCA 4,rbf,4,0.01,1.0,0.0,0.0,0.6263736263736264,0.0,0.9776057791537667,0.015037539783617696,5
456,RBF SVM — PCA 4,rbf,4,0.1,scale,0.9203021978021978,0.026516708871655505,0.9428571428571428,0.018056787610060392,0.9883384932920537,0.008163504793332804,5
456,RBF SVM — PCA 4,rbf,4,0.1,auto,0.9157454426062207,0.028672920890379792,0.9406593406593406,0.018388132451298323,0.9852425180598555,0.00833297388573221,5
456,RBF SVM — PCA 4,rbf,4,0.1,0.01,0.9311216153127917,0.024682162905475317,0.9516483516483516,0.01666566031659681,0.9898864809081527,0.008098012320992541,5
456,RBF SVM — PCA 4,rbf,4,0.1,0.1,0.9293340351998183,0.012569488412971265,0.9472527472527472,0.009194066225649203,0.987719298245614,0.008347339716715441,5
456,RBF SVM — PCA 4,rbf,4,0.1,1.0,0.0,0.0,0.6263736263736264,0.0,0.9775025799793602,0.015244163428434841,5
456,RBF SVM — PCA 4,rbf,4,1.0,scale,0.9492963482539217,0.02345587846158746,0.9626373626373625,0.01666566031659683,0.9921568627450981,0.009475235443664028,5
456,RBF SVM — PCA 4,rbf,4,1.0,auto,0.9343355722797643,0.018346151060690666,0.9494505494505494,0.016665660316596834,0.9846233230134158,0.01580076759388342,5
456,RBF SVM — PCA 4,rbf,4,1.0,0.01,0.9541939188262718,0.027733698383450193,0.9670329670329669,0.019033525357899737,0.993188854489164,0.007845852552630804,5
456,RBF SVM — PCA 4,rbf,4,1.0,0.1,0.9495770214440291,0.018102166880576562,0.9626373626373625,0.01252940027581471,0.9899896800825594,0.011769909952869253,5
456,RBF SVM — PCA 4,rbf,4,1.0,1.0,0.8870246124986849,0.04788455509321847,0.9120879120879121,0.04326377952753746,0.9729618163054695,0.016364473717381235,5
456,RBF SVM — PCA 4,rbf,4,10.0,scale,0.9589640174299314,0.0196086473820108,0.9692307692307693,0.014327917374071755,0.9909184726522188,0.010426436851756898,5
456,RBF SVM — PCA 4,rbf,4,10.0,auto,0.9183915147086502,0.02934598275807493,0.9384615384615385,0.02278729819047004,0.9670794633642931,0.014047981693280186,5
456,RBF SVM — PCA 4,rbf,4,10.0,0.01,0.9546437843912269,0.031451168885083466,0.9670329670329669,0.021978021978021976,0.993498452012384,0.007393340396112339,5
456,RBF SVM — PCA 4,rbf,4,10.0,0.1,0.9472030197148168,0.009105264778967875,0.9604395604395604,0.006018929203353452,0.9842105263157895,0.014868383223630453,5
456,RBF SVM — PCA 4,rbf,4,10.0,1.0,0.8936730240839829,0.05042927760250668,0.9142857142857143,0.04557459638094008,0.9662538699690403,0.01522231550333067,5
456,RBF SVM — PCA 4,rbf,4,100.0,scale,0.9448878855024597,0.016274432779129617,0.9582417582417582,0.012037858406706927,0.9859649122807017,0.010689960092944088,5
456,RBF SVM — PCA 4,rbf,4,100.0,auto,0.9103822502394857,0.03701322096920859,0.9318681318681319,0.02844434968251601,0.9572755417956657,0.01459183046920806,5
456,RBF SVM — PCA 4,rbf,4,100.0,0.01,0.9558559422704173,0.028076256140529384,0.9670329670329672,0.020558557070186504,0.994014447884417,0.005419185078685706,5
456,RBF SVM — PCA 4,rbf,4,100.0,0.1,0.906416463255796,0.03784376228316369,0.9296703296703296,0.029690672716717156,0.9712074303405572,0.01263610574706807,5
456,RBF SVM — PCA 4,rbf,4,100.0,1.0,0.8936730240839829,0.05042927760250668,0.9142857142857143,0.04557459638094008,0.9665634674922601,0.015195180449375451,5
456,"QSVC — PCA 4 / 4Q (reps=1, full)",quantum,4,0.01,none,0.0,0.0,0.6263736263736264,0.0,0.9523219814241486,0.009234740511114815,5
456,"QSVC — PCA 4 / 4Q (reps=1, full)",quantum,4,0.1,none,0.31576521039935673,0.14167558353319057,0.6989010989010989,0.03694007981092664,0.9525283797729618,0.009535458520421218,5
456,"QSVC — PCA 4 / 4Q (reps=1, full)",quantum,4,1.0,none,0.8383281914164268,0.05115598345006372,0.8835164835164836,0.037748492389709176,0.9594427244582043,0.008114434995173777,5
456,"QSVC — PCA 4 / 4Q (reps=1, full)",quantum,4,10.0,none,0.8043085910253429,0.029537196847361964,0.8571428571428571,0.019033525357899737,0.9361197110423116,0.01634738117843206,5
456,"QSVC — PCA 4 / 4Q (reps=1, full)",quantum,4,100.0,none,0.7964803893464814,0.029144993137451832,0.8461538461538461,0.024572175576920822,0.9245614035087719,0.020325915105804185,5
789,Linear SVM — PCA 2,linear,2,0.01,none,0.9229691142191143,0.022194300955010397,0.945054945054945,0.01554080837772632,0.9886480908152734,0.0067966666007840135,5
789,Linear SVM — PCA 2,linear,2,0.1,none,0.940723145490867,0.022715669215468474,0.956043956043956,0.017375151978947134,0.9893704850361196,0.006283719681474047,5
789,Linear SVM — PCA 2,linear,2,1.0,none,0.9345651244074726,0.01971554969710124,0.9516483516483516,0.014743305346152447,0.9899896800825594,0.007090016114475809,5
789,Linear SVM — PCA 2,linear,2,10.0,none,0.9401814279166647,0.021030889286587362,0.956043956043956,0.015540808377726313,0.990092879256966,0.007291808586971934,5
789,Linear SVM — PCA 2,linear,2,100.0,none,0.9401814279166647,0.021030889286587362,0.956043956043956,0.015540808377726313,0.990092879256966,0.007291808586971934,5
789,RBF SVM — PCA 2,rbf,2,0.01,scale,0.4939639711879025,0.05541584705737391,0.7494505494505495,0.018056787610060424,0.9785345717234263,0.010042716718846538,5
789,RBF SVM — PCA 2,rbf,2,0.01,auto,0.0,0.0,0.6263736263736264,0.0,0.9726522187822498,0.013361204722625463,5
789,RBF SVM — PCA 2,rbf,2,0.01,0.01,0.0,0.0,0.6263736263736264,0.0,0.9810113519091846,0.006428240042269248,5
789,RBF SVM — PCA 2,rbf,2,0.01,0.1,0.011428571428571429,0.025555062599997597,0.6285714285714286,0.004914435115384135,0.9777089783281735,0.011523009273432815,5
789,RBF SVM — PCA 2,rbf,2,0.01,1.0,0.0,0.0,0.6263736263736264,0.0,0.9730650154798761,0.00706933176400545,5
789,RBF SVM — PCA 2,rbf,2,0.1,scale,0.9052495825070451,0.012203293926508808,0.9318681318681319,0.00919406622564915,0.9833849329205366,0.00874456972727134,5
789,RBF SVM — PCA 2,rbf,2,0.1,auto,0.8923698807586276,0.017779191433768295,0.9186813186813186,0.014743305346152471,0.973374613003096,0.011871269770258208,5
789,RBF SVM — PCA 2,rbf,2,0.1,0.01,0.9084153078104691,0.013938995820805314,0.9362637362637363,0.00919406622564915,0.9852425180598555,0.006057184970414504,5
789,RBF SVM — PCA 2,rbf,2,0.1,0.1,0.9068826738911099,0.01258472485888529,0.9318681318681319,0.00919406622564915,0.9811145510835914,0.010246124197193021,5
789,RBF SVM — PCA 2,rbf,2,0.1,1.0,0.8681016733486004,0.06415623122847751,0.9098901098901099,0.03594599392043107,0.9724458204334365,0.008130824498835034,5
789,RBF SVM — PCA 2,rbf,2,1.0,scale,0.9134248543379361,0.012525576459799877,0.9362637362637363,0.00919406622564915,0.9840041279669762,0.008328179768611395,5
789,RBF SVM — PCA 2,rbf,2,1.0,auto,0.899433405469211,0.01870205441091239,0.9252747252747253,0.014327917374071757,0.9613003095975232,0.012977065366314974,5
789,RBF SVM — PCA 2,rbf,2,1.0,0.01,0.9116583372729116,0.021170196430919424,0.9362637362637363,0.014327917374071757,0.9878224974200206,0.006219837442850021,5
789,RBF SVM — PCA 2,rbf,2,1.0,0.1,0.9073465252920915,0.013509033936830759,0.9318681318681319,0.00919406622564915,0.9814241486068112,0.009763100066266567,5
789,RBF SVM — PCA 2,rbf,2,1.0,1.0,0.8952482936057015,0.028574142805794168,0.9208791208791208,0.023823608119427277,0.9592363261093911,0.011979552906340469,5
789,RBF SVM — PCA 2,rbf,2,10.0,scale,0.9047037290431572,0.013719510933182353,0.9296703296703297,0.00982887023076827,0.981217750257998,0.009733055485099893,5
789,RBF SVM — PCA 2,rbf,2,10.0,auto,0.906444991282197,0.007575752312987793,0.9296703296703297,0.006018929203353452,0.9540763673890609,0.025530065793298178,5
789,RBF SVM — PCA 2,rbf,2,10.0,0.01,0.9252295905383567,0.019016615176230982,0.945054945054945,0.013458734850457028,0.9882352941176471,0.00616393732054403,5
789,RBF SVM — PCA 2,rbf,2,10.0,0.1,0.9047126359154454,0.01717671498743257,0.9296703296703297,0.012529400275814702,0.9721362229102167,0.013666586829875165,5
789,RBF SVM — PCA 2,rbf,2,10.0,1.0,0.8979266255496359,0.0403380930484242,0.923076923076923,0.03203819722442472,0.937048503611971,0.015878929363703973,5
789,RBF SVM — PCA 2,rbf,2,100.0,scale,0.8970588235294118,0.028948558360337558,0.9252747252747252,0.019657740461536653,0.9682146542827658,0.015094973966641709,5
789,RBF SVM — PCA 2,rbf,2,100.0,auto,0.9091018782594154,0.031820706792282764,0.9318681318681318,0.023823608119427277,0.9445820433436533,0.018054694825087834,5
789,RBF SVM — PCA 2,rbf,2,100.0,0.01,0.9158252853380159,0.02890973565551369,0.9384615384615385,0.019962529807236215,0.9867905056759545,0.007948681519053978,5
789,RBF SVM — PCA 2,rbf,2,100.0,0.1,0.9037599186831923,0.024746197125972442,0.9296703296703297,0.016665660316596807,0.9664602683178535,0.013460472095712751,5
789,RBF SVM — PCA 2,rbf,2,100.0,1.0,0.9032191849071645,0.04828317762467675,0.9274725274725275,0.03611357522012085,0.9316821465428277,0.014115104569517594,5
789,"QSVC — PCA 2 / 2Q (reps=1, full)",quantum,2,0.01,none,0.0,0.0,0.6263736263736264,0.0,0.9507739938080496,0.017077046898478856,5
789,"QSVC — PCA 2 / 2Q (reps=1, full)",quantum,2,0.1,none,0.8370443727058685,0.06457703449631269,0.8923076923076924,0.037588200827444115,0.9597523219814242,0.024748982358205277,5
789,"QSVC — PCA 2 / 2Q (reps=1, full)",quantum,2,1.0,none,0.8633738910553987,0.0569345345369935,0.9054945054945055,0.03526770667226644,0.965015479876161,0.026837738483832668,5
789,"QSVC — PCA 2 / 2Q (reps=1, full)",quantum,2,10.0,none,0.8710686328596777,0.054089123131788513,0.9076923076923077,0.03694007981092661,0.9670794633642931,0.02598078927080978,5
789,"QSVC — PCA 2 / 2Q (reps=1, full)",quantum,2,100.0,none,0.864951502035901,0.054666771085541396,0.9032967032967033,0.037588200827444136,0.9652218782249742,0.027215052640168727,5
789,Linear SVM — PCA 4,linear,4,0.01,none,0.9455366524023241,0.013002292132625699,0.9604395604395604,0.009828870230768321,0.9913312693498453,0.00729180858697196,5
789,Linear SVM — PCA 4,linear,4,0.1,none,0.9433423336343518,0.027239430486196033,0.9582417582417582,0.0211377846831553,0.9914344685242519,0.00716472856871408,5
789,Linear SVM — PCA 4,linear,4,1.0,none,0.9320859571605841,0.027429116224634002,0.9494505494505494,0.022787298190470012,0.9902992776057792,0.006334361626181166,5
789,Linear SVM — PCA 4,linear,4,10.0,none,0.934980574980575,0.03101111239902922,0.9516483516483516,0.025298603149936993,0.9897832817337461,0.006249730414299176,5
789,Linear SVM — PCA 4,linear,4,100.0,none,0.934980574980575,0.03101111239902922,0.9516483516483516,0.025298603149936993,0.9896800825593395,0.006266748091584682,5
789,RBF SVM — PCA 4,rbf,4,0.01,scale,0.0,0.0,0.6263736263736264,0.0,0.9818369453044375,0.00858323111919872,5
789,RBF SVM — PCA 4,rbf,4,0.01,auto,0.0,0.0,0.6263736263736264,0.0,0.9815273477812176,0.008797691788472345,5
789,RBF SVM — PCA 4,rbf,4,0.01,0.01,0.0,0.0,0.6263736263736264,0.0,0.9826625386996903,0.00680254014351992,5
789,RBF SVM — PCA 4,rbf,4,0.01,0.1,0.0,0.0,0.6263736263736264,0.0,0.9820433436532507,0.009139101204381137,5
789,RBF SVM — PCA 4,rbf,4,0.01,1.0,0.0,0.0,0.6263736263736264,0.0,0.9566047471620227,0.013135617232468243,5
789,RBF SVM — PCA 4,rbf,4,0.1,scale,0.920636981178026,0.01342111165947791,0.9428571428571428,0.009194066225649191,0.9855521155830754,0.00902624132328992,5
789,RBF SVM — PCA 4,rbf,4,0.1,auto,0.8955821955821955,0.0623628714216366,0.9296703296703297,0.035267706672266384,0.9813209494324046,0.00865274460939303,5
789,RBF SVM — PCA 4,rbf,4,0.1,0.01,0.9211309523809523,0.011069401589494751,0.945054945054945,0.007770404188863161,0.9866873065015479,0.006239070794712825,5
789,RBF SVM — PCA 4,rbf,4,0.1,0.1,0.9290542174040285,0.015915271797485205,0.9472527472527472,0.012037858406706948,0.9848297213622292,0.009133272695367125,5
789,RBF SVM — PCA 4,rbf,4,0.1,1.0,0.0,0.0,0.6263736263736264,0.0,0.9563983488132095,0.01307161252930173,5
789,RBF SVM — PCA 4,rbf,4,1.0,scale,0.9429164338734136,0.022518169942596266,0.9582417582417582,0.01629933733427615,0.989576883384933,0.008458241101194811,5
789,RBF SVM — PCA 4,rbf,4,1.0,auto,0.9234288913488822,0.016817179222399357,0.9428571428571428,0.012037858406706943,0.9808049535603715,0.015273826454057818,5
789,RBF SVM — PCA 4,rbf,4,1.0,0.01,0.9489770399340198,0.013349709937779506,0.9626373626373625,0.00982887023076827,0.9918472652218782,0.006323844664542259,5
789,RBF SVM — PCA 4,rbf,4,1.0,0.1,0.9401883861325782,0.023582747024428724,0.956043956043956,0.01737515197894711,0.9874097007223943,0.010259108772415794,5
789,RBF SVM — PCA 4,rbf,4,1.0,1.0,0.8688319572608062,0.044482394126083145,0.9054945054945055,0.022787298190470037,0.9498968008255935,0.017439591811471252,5
789,RBF SVM — PCA 4,rbf,4,10.0,scale,0.9344959693511055,0.02272690658517973,0.9516483516483516,0.016665660316596796,0.9890608875128999,0.008880527314000372,5
789,RBF SVM — PCA 4,rbf,4,10.0,auto,0.9139008023183666,0.039929278737687104,0.9340659340659341,0.032038197224424754,0.9564499484004128,0.028273089659024888,5
789,RBF SVM — PCA 4,rbf,4,10.0,0.01,0.936126361200988,0.019941081163433197,0.9538461538461538,0.014327917374071734,0.9920536635706915,0.006733696704957576,5
789,RBF SVM — PCA 4,rbf,4,10.0,0.1,0.9296525774488901,0.031280901831039806,0.9472527472527472,0.023823608119427263,0.9780185758513932,0.017835850944050234,5
789,RBF SVM — PCA 4,rbf,4,10.0,1.0,0.8850069414899572,0.016208831353848086,0.9120879120879121,0.013458734850457107,0.9426728586171311,0.018412450691987072,5
789,RBF SVM — PCA 4,rbf,4,100.0,scale,0.9129883540567594,0.03974232107240845,0.9340659340659341,0.03203819722442476,0.9814241486068112,0.020559052438737343,5
789,RBF SVM — PCA 4,rbf,4,100.0,auto,0.9011974702059063,0.024492848070204177,0.923076923076923,0.02055855707018653,0.9406604747162023,0.019590862235881943,5
789,RBF SVM — PCA 4,rbf,4,100.0,0.01,0.9490728177295342,0.022427086579532594,0.9626373626373625,0.016665660316596796,0.9901960784313726,0.007324597299576087,5
789,RBF SVM — PCA 4,rbf,4,100.0,0.1,0.9099422143938691,0.02996837561882838,0.9318681318681318,0.023823608119427277,0.966047471620227,0.030560288418805464,5
789,RBF SVM — PCA 4,rbf,4,100.0,1.0,0.8850069414899572,0.016208831353848086,0.9120879120879121,0.013458734850457107,0.9422600619195046,0.018394366287941714,5
789,"QSVC — PCA 4 / 4Q (reps=1, full)",quantum,4,0.01,none,0.0,0.0,0.6263736263736264,0.0,0.9474716202270382,0.014380463359125186,5
789,"QSVC — PCA 4 / 4Q (reps=1, full)",quantum,4,0.1,none,0.1812247029638334,0.19936629621565527,0.6681318681318682,0.051776786766548365,0.9471620227038183,0.014152780079130622,5
789,"QSVC — PCA 4 / 4Q (reps=1, full)",quantum,4,1.0,none,0.8630601343101343,0.042695266598185566,0.9032967032967033,0.029486610692304936,0.9472652218782249,0.020108617990051942,5
789,"QSVC — PCA 4 / 4Q (reps=1, full)",quantum,4,10.0,none,0.8249031279178338,0.043482728131246005,0.8703296703296702,0.033331320633193655,0.9214654282765737,0.02860963297510175,5
789,"QSVC — PCA 4 / 4Q (reps=1, full)",quantum,4,100.0,none,0.7841805200341005,0.0333952640342901,0.8395604395604396,0.030690637458832833,0.9123839009287925,0.02608051610040238,5
2026,Linear SVM — PCA 2,linear,2,0.01,none,0.9093980453826387,0.042479147818675074,0.9362637362637363,0.02736241669887633,0.9892672858617131,0.006984076084907558,5
2026,Linear SVM — PCA 2,linear,2,0.1,none,0.935505328218244,0.02900009155711834,0.9516483516483516,0.022787298190470026,0.989576883384933,0.006897766734964259,5
2026,Linear SVM — PCA 2,linear,2,1.0,none,0.9284035526289047,0.03604293218602937,0.945054945054945,0.030094646016767354,0.9899896800825594,0.007597590224687692,5
2026,Linear SVM — PCA 2,linear,2,10.0,none,0.9284035526289047,0.03604293218602937,0.945054945054945,0.030094646016767354,0.990092879256966,0.007525406639408516,5
2026,Linear SVM — PCA 2,linear,2,100.0,none,0.9284035526289047,0.03604293218602937,0.945054945054945,0.030094646016767354,0.9899896800825594,0.007536013278413649,5
2026,RBF SVM — PCA 2,rbf,2,0.01,scale,0.5209178743961352,0.03856407091630075,0.7582417582417582,0.013458734850457026,0.9781217750257998,0.015593835772541977,5
2026,RBF SVM — PCA 2,rbf,2,0.01,auto,0.0,0.0,0.6263736263736264,0.0,0.9717234262125902,0.022221995907090893,5
2026,RBF SVM — PCA 2,rbf,2,0.01,0.01,0.0,0.0,0.6263736263736264,0.0,0.9823529411764707,0.009254900579885362,5
2026,RBF SVM — PCA 2,rbf,2,0.01,0.1,0.07575605680868838,0.08837054664688589,0.6417582417582418,0.018388132451298354,0.9758513931888544,0.018794578564002407,5
2026,RBF SVM — PCA 2,rbf,2,0.01,1.0,0.0,0.0,0.6263736263736264,0.0,0.9696594427244583,0.021144500980932124,5
2026,RBF SVM — PCA 2,rbf,2,0.1,scale,0.9044094475011522,0.034063858386816574,0.9318681318681319,0.022520770914196932,0.9826625386996903,0.012969882393593455,5
2026,RBF SVM — PCA 2,rbf,2,0.1,auto,0.9141447828832684,0.04149115473625255,0.9340659340659341,0.03203819722442472,0.9716202270381837,0.02296906229520641,5
2026,RBF SVM — PCA 2,rbf,2,0.1,0.01,0.8898206632077599,0.0245348656802797,0.923076923076923,0.015540808377726312,0.9849329205366356,0.009146381617552312,5
2026,RBF SVM — PCA 2,rbf,2,0.1,0.1,0.9045354214841286,0.03672888034079372,0.9296703296703297,0.026465043030312732,0.9791537667698659,0.017466288776971935,5
2026,RBF SVM — PCA 2,rbf,2,0.1,1.0,0.8687800160038966,0.04882570745137561,0.9054945054945055,0.029690672716717124,0.9690402476780186,0.022738972689918188,5
2026,RBF SVM — PCA 2,rbf,2,1.0,scale,0.9316462210902179,0.02340528295087277,0.9494505494505494,0.016665660316596796,0.9831785345717234,0.013581575955716902,5
2026,RBF SVM — PCA 2,rbf,2,1.0,auto,0.9070020247621541,0.02928523938077929,0.9296703296703297,0.02278729819047001,0.9635706914344686,0.03117742536240214,5
2026,RBF SVM — PCA 2,rbf,2,1.0,0.01,0.9093980453826387,0.042479147818675074,0.9362637362637363,0.02736241669887633,0.9879256965944272,0.00791511430185563,5
2026,RBF SVM — PCA 2,rbf,2,1.0,0.1,0.9329238791644411,0.035947125313835704,0.9494505494505494,0.027582198676947563,0.9764705882352942,0.019589503127882404,5
2026,RBF SVM — PCA 2,rbf,2,1.0,1.0,0.896103516033279,0.04222450298663476,0.9208791208791208,0.03241292572253322,0.9625386996904025,0.03352901313209957,5
2026,RBF SVM — PCA 2,rbf,2,10.0,scale,0.9303309017675016,0.035604460306173556,0.9472527472527472,0.028444349682516003,0.980908152734778,0.014530575686613744,5
2026,RBF SVM — PCA 2,rbf,2,10.0,auto,0.8942145217966114,0.03616493893890175,0.9208791208791208,0.027362416698876315,0.9371517027863778,0.026256027976291407,5
2026,RBF SVM — PCA 2,rbf,2,10.0,0.01,0.9390387800605191,0.0257868905198464,0.9538461538461538,0.021137784683155338,0.9884416924664603,0.00738433181424079,5
2026,RBF SVM — PCA 2,rbf,2,10.0,0.1,0.9214850144156784,0.03286736380298196,0.9406593406593406,0.026465043030312763,0.9726522187822496,0.019289551746665388,5
2026,RBF SVM — PCA 2,rbf,2,10.0,1.0,0.8861940526014521,0.032978057763587,0.9164835164835164,0.02407571681341389,0.9403508771929825,0.04191747973680945,5
2026,RBF SVM — PCA 2,rbf,2,100.0,scale,0.9329170437405733,0.032647994483002866,0.9494505494505494,0.025298603149936996,0.9753353973168215,0.020456486983044364,5
2026,RBF SVM — PCA 2,rbf,2,100.0,auto,0.888817300000819,0.031422460541498914,0.9186813186813186,0.022787298190470047,0.9215686274509803,0.017788765919440865,5
2026,RBF SVM — PCA 2,rbf,2,100.0,0.01,0.9247846832801067,0.02938180342656215,0.9428571428571428,0.023823608119427266,0.9889576883384933,0.008081556274071948,5
2026,RBF SVM — PCA 2,rbf,2,100.0,0.1,0.9122818847818849,0.025645491092086754,0.9340659340659341,0.02331121256658947,0.9562435500515996,0.025334819310778755,5
2026,RBF SVM — PCA 2,rbf,2,100.0,1.0,0.8870625315032937,0.03029761735745213,0.9164835164835164,0.022787298190470026,0.9058823529411765,0.040271816740601936,5
2026,"QSVC — PCA 2 / 2Q (reps=1, full)",quantum,2,0.01,none,0.0,0.0,0.6263736263736264,0.0,0.9438596491228071,0.030477408767502382,5
2026,"QSVC — PCA 2 / 2Q (reps=1, full)",quantum,2,0.1,none,0.7812048401411348,0.030368711701646293,0.8615384615384615,0.014743305346152454,0.9530443756449948,0.024989867067768377,5
2026,"QSVC — PCA 2 / 2Q (reps=1, full)",quantum,2,1.0,none,0.8530481746476501,0.048460418535528474,0.8989010989010989,0.03241292572253326,0.9511867905056759,0.026654071316071976,5
2026,"QSVC — PCA 2 / 2Q (reps=1, full)",quantum,2,10.0,none,0.8726344388310328,0.02078361906263685,0.9076923076923077,0.019962529807236215,0.9447884416924666,0.025662690404144935,5
2026,"QSVC — PCA 2 / 2Q (reps=1, full)",quantum,2,100.0,none,0.864632012724118,0.035598448976123076,0.9010989010989011,0.025771515163865014,0.9445820433436533,0.028357717295058312,5
2026,Linear SVM — PCA 4,linear,4,0.01,none,0.9442016109926558,0.03206705405678875,0.9604395604395604,0.022787298190470057,0.9924664602683178,0.005369828995148671,5
2026,Linear SVM — PCA 4,linear,4,0.1,none,0.9606796057631668,0.03201979684282139,0.9714285714285715,0.022787298190470043,0.993498452012384,0.006938178044983079,5
2026,Linear SVM — PCA 4,linear,4,1.0,none,0.957703141928494,0.02746704310124868,0.9692307692307691,0.01965774046153662,0.9925696594427246,0.007779397180488918,5
2026,Linear SVM — PCA 4,linear,4,10.0,none,0.9548045912038564,0.022134756983298667,0.9670329670329669,0.015540808377726343,0.9924664602683178,0.0079654120817008,5
2026,Linear SVM — PCA 4,linear,4,100.0,none,0.9495566652922222,0.02427043628072059,0.9626373626373625,0.018388132451298413,0.9924664602683178,0.0079654120817008,5
2026,RBF SVM — PCA 4,rbf,4,0.01,scale,0.0,0.0,0.6263736263736264,0.0,0.984829721362229,0.010888613309417147,5
2026,RBF SVM — PCA 4,rbf,4,0.01,auto,0.0,0.0,0.6263736263736264,0.0,0.9846233230134158,0.013823489927141743,5
2026,RBF SVM — PCA 4,rbf,4,0.01,0.01,0.0,0.0,0.6263736263736264,0.0,0.984829721362229,0.008926877716680532,5
2026,RBF SVM — PCA 4,rbf,4,0.01,0.1,0.0,0.0,0.6263736263736264,0.0,0.9835913312693499,0.013644164194871779,5
2026,RBF SVM — PCA 4,rbf,4,0.01,1.0,0.0,0.0,0.6263736263736264,0.0,0.9676986584107328,0.022967903090467,5
2026,RBF SVM — PCA 4,rbf,4,0.1,scale,0.9139439357832686,0.0419468820103248,0.9384615384615385,0.02969067271671715,0.987203302373581,0.009340808058369093,5
2026,RBF SVM — PCA 4,rbf,4,0.1,auto,0.9127721336045512,0.03330283067041814,0.9384615384615385,0.022787298190469995,0.9841073271413828,0.01409056146803712,5
2026,RBF SVM — PCA 4,rbf,4,0.1,0.01,0.9118568726355611,0.03609984839228798,0.9384615384615385,0.025298603149937017,0.9876160990712075,0.00803530005283664,5
2026,RBF SVM — PCA 4,rbf,4,0.1,0.1,0.9177334437669697,0.028443185955563055,0.9384615384615385,0.021421526032547166,0.9861713106295149,0.01137182791358549,5
2026,RBF SVM — PCA 4,rbf,4,0.1,1.0,0.0,0.0,0.6263736263736264,0.0,0.9682146542827658,0.02212352986210606,5
2026,RBF SVM — PCA 4,rbf,4,1.0,scale,0.9494575976931546,0.02678788369980023,0.9626373626373625,0.019962529807236236,0.993704850361197,0.006611999372400953,5
2026,RBF SVM — PCA 4,rbf,4,1.0,auto,0.941172972263996,0.01627815677150181,0.956043956043956,0.010989010989011016,0.9785345717234261,0.024346585975493284,5
2026,RBF SVM — PCA 4,rbf,4,1.0,0.01,0.9448214285714286,0.03407159703462395,0.9604395604395604,0.02407571681341389,0.9933952528379774,0.006417876920840483,5
2026,RBF SVM — PCA 4,rbf,4,1.0,0.1,0.9499110934727373,0.021958804381896357,0.9626373626373625,0.016665660316596827,0.9880288957688338,0.011689328164824849,5
2026,RBF SVM — PCA 4,rbf,4,1.0,1.0,0.8919896218518539,0.03548626493824465,0.9120879120879121,0.031081616755452634,0.962951496388029,0.02465844882662954,5
2026,RBF SVM — PCA 4,rbf,4,10.0,scale,0.925054985700147,0.031395320722537944,0.945054945054945,0.02197802197802196,0.9889576883384933,0.011803793268204698,5
2026,RBF SVM — PCA 4,rbf,4,10.0,auto,0.9189091471955922,0.032057573885886315,0.9384615384615385,0.02278729819047003,0.9607843137254901,0.028690020112771927,5
2026,RBF SVM — PCA 4,rbf,4,10.0,0.01,0.9551206481527702,0.028600065891725365,0.9670329670329672,0.020558557070186514,0.993498452012384,0.006273117818546577,5
2026,RBF SVM — PCA 4,rbf,4,10.0,0.1,0.9295970258223779,0.024530763546930817,0.9472527472527472,0.019657740461536614,0.9800825593395253,0.013552138215833055,5
2026,RBF SVM — PCA 4,rbf,4,10.0,1.0,0.8918238620341649,0.03810829507878604,0.9120879120879121,0.03296703296703295,0.95562435500516,0.01889207393088014,5
2026,RBF SVM — PCA 4,rbf,4,100.0,scale,0.9206065796488332,0.023347885744328674,0.9406593406593406,0.018388132451298347,0.9814241486068112,0.011363630312458836,5
2026,RBF SVM — PCA 4,rbf,4,100.0,auto,0.9028982631657894,0.02956512085228375,0.9252747252747252,0.021137784683155355,0.9480908152734777,0.02234208499822387,5
2026,RBF SVM — PCA 4,rbf,4,100.0,0.01,0.9320638487892008,0.02700444038066339,0.9494505494505494,0.019962529807236194,0.9919504643962848,0.008130824498835088,5
2026,RBF SVM — PCA 4,rbf,4,100.0,0.1,0.9045945551020178,0.018023371828555953,0.9274725274725275,0.012529400275814699,0.9685242518059856,0.024144527011969737,5
2026,RBF SVM — PCA 4,rbf,4,100.0,1.0,0.8918238620341649,0.03810829507878604,0.9120879120879121,0.03296703296703295,0.9551083591331271,0.01862595010090822,5
2026,"QSVC — PCA 4 / 4Q (reps=1, full)",quantum,4,0.01,none,0.0,0.0,0.6263736263736264,0.0,0.9559339525283799,0.00865428301186041,5
2026,"QSVC — PCA 4 / 4Q (reps=1, full)",quantum,4,0.1,none,0.3423620823620824,0.09946845785688206,0.7032967032967032,0.025771515163864986,0.9560371517027864,0.008835440575027479,5
2026,"QSVC — PCA 4 / 4Q (reps=1, full)",quantum,4,1.0,none,0.8701724208627194,0.0345172065938307,0.9054945054945055,0.02529860314993701,0.9619195046439628,0.007997103721799556,5
2026,"QSVC — PCA 4 / 4Q (reps=1, full)",quantum,4,10.0,none,0.8166216911503797,0.07362077259132908,0.8659340659340659,0.0551643973538951,0.9437564499484005,0.014164063190207207,5
2026,"QSVC — PCA 4 / 4Q (reps=1, full)",quantum,4,100.0,none,0.7848251681862591,0.08276621185146377,0.8395604395604396,0.06341335404946592,0.9319917440660476,0.028707183517528993,5
