seed,train_size,model,model_family,pca_components,n_qubits,accuracy,precision,recall,f1,roc_auc,fit_time,prediction_time,total_runtime,pca_explained_variance,kernel_train_bytes,kernel_test_bytes,kernel_total_bytes,effective_rank,condition_number,offdiag_mean,offdiag_std,statevector_train_time,statevector_test_time,train_kernel_matrix_time,test_kernel_matrix_time
42,50,Linear SVM — PCA 2,Classical,2,0,0.9210526315789473,0.851063829787234,0.9523809523809523,0.898876404494382,0.9884259259259259,0.0015402999997604638,0.0005656999996972445,0.0021059999994577083,0.6605252895143487,0,0,0,,,,,,,,
42,50,RBF SVM — PCA 2,Classical,2,0,0.9298245614035088,0.925,0.8809523809523809,0.9024390243902439,0.9867724867724869,0.0020621999997274543,0.0007977000000209955,0.0028598999997484498,0.6605252895143487,0,0,0,,,,,,,,
42,50,"QSVC — PCA 2 / 2Q (reps=1, full)",Quantum,2,2,0.8245614035087719,0.84375,0.6428571428571429,0.7297297297297297,0.906084656084656,0.001293700000132958,0.00041770000007090857,0.07127420000051643,0.6605252895143487,20000,45600,65600,8.878953687126494,1.190157735473551e+18,0.26218266970543236,0.25022238757902737,0.020688500000233034,0.048644400000284804,0.00019759999986490584,3.229999992981902e-05
42,50,Linear SVM — PCA 4,Classical,4,0,0.9298245614035088,0.8863636363636364,0.9285714285714286,0.9069767441860465,0.9890873015873016,0.0009787999997570296,0.00047690000019429135,0.001455699999951321,0.8477795123446201,0,0,0,,,,,,,,
42,50,RBF SVM — PCA 4,Classical,4,0,0.9473684210526315,0.9285714285714286,0.9285714285714286,0.9285714285714286,0.9880952380952381,0.0012640000004466856,0.0007673000000067987,0.0020313000004534842,0.8477795123446201,0,0,0,,,,,,,,
42,50,"QSVC — PCA 4 / 4Q (reps=1, full)",Quantum,4,4,0.7982456140350878,0.7714285714285715,0.6428571428571429,0.7012987012987013,0.906084656084656,0.0012357000000520202,0.0004248999998708314,0.1727986999994755,0.8477795123446201,20000,45600,65600,39.15576164152819,52.91593416304686,0.0799925057614897,0.0818815632283923,0.04678599999988364,0.12417550000009214,7.509999977628468e-05,0.00010149999980058055
42,100,Linear SVM — PCA 2,Classical,2,0,0.956140350877193,0.9743589743589743,0.9047619047619048,0.9382716049382716,0.9894179894179893,0.0010723000000325555,0.000531199999841192,0.0016034999998737476,0.6632123206825046,0,0,0,,,,,,,,
42,100,RBF SVM — PCA 2,Classical,2,0,0.9385964912280702,0.926829268292683,0.9047619047619048,0.9156626506024096,0.9871031746031746,0.0012209000001348613,0.0008401000000048953,0.0020610000001397566,0.6632123206825046,0,0,0,,,,,,,,
42,100,"QSVC — PCA 2 / 2Q (reps=1, full)",Quantum,2,2,0.8333333333333334,0.7674418604651163,0.7857142857142857,0.7764705882352941,0.9156746031746031,0.0016221000000768981,0.0006264999997256382,0.0918736000003264,0.6632123206825046,80000,91200,171200,8.092294181602373,1.5294246390826355e+18,0.2997686175181394,0.27714813427545104,0.044073800000205665,0.0454251999999542,7.810000033714459e-05,4.7900000026857015e-05
42,100,Linear SVM — PCA 4,Classical,4,0,0.9649122807017544,0.975,0.9285714285714286,0.9512195121951219,0.9933862433862434,0.0010459999998602143,0.0004466999998840038,0.001492699999744218,0.8118073092570128,0,0,0,,,,,,,,
42,100,RBF SVM — PCA 4,Classical,4,0,0.9298245614035088,0.925,0.8809523809523809,0.9024390243902439,0.9897486772486772,0.0010886000000027707,0.0009743000000526081,0.0020629000000553788,0.8118073092570128,0,0,0,,,,,,,,
42,100,"QSVC — PCA 4 / 4Q (reps=1, full)",Quantum,4,4,0.8333333333333334,0.7555555555555555,0.8095238095238095,0.7816091954022989,0.9011243386243386,0.001177200000256562,0.0004687999999077874,0.25399160000006304,0.8118073092570128,80000,91200,171200,61.314963622203976,378.348481667655,0.08726228901798673,0.09021068546297586,0.11337400000002162,0.13870679999990898,0.0001513000001978071,0.00011349999977028347
42,200,Linear SVM — PCA 2,Classical,2,0,0.9298245614035088,0.9047619047619048,0.9047619047619048,0.9047619047619048,0.9867724867724867,0.0014154999998936546,0.0005142999998497544,0.001929799999743409,0.6470569773007816,0,0,0,,,,,,,,
42,200,RBF SVM — PCA 2,Classical,2,0,0.9298245614035088,0.925,0.8809523809523809,0.9024390243902439,0.9841269841269841,0.0012622999997802253,0.0010517999999137828,0.002314099999694008,0.6470569773007816,0,0,0,,,,,,,,
42,200,"QSVC — PCA 2 / 2Q (reps=1, full)",Quantum,2,2,0.8771929824561403,0.85,0.8095238095238095,0.8292682926829268,0.9606481481481481,0.0012074999999640568,0.0006803999999647203,0.10367979999955423,0.6470569773007816,320000,182400,502400,7.870761985286571,4.3837702380544753e+18,0.30396849501599327,0.2836135981595177,0.06575169999996433,0.03561130000025514,0.00024999999959618435,0.00017889999980980065
42,200,Linear SVM — PCA 4,Classical,4,0,0.9736842105263158,0.975609756097561,0.9523809523809523,0.963855421686747,0.994378306878307,0.001176700000087294,0.0004512000000431726,0.0016279000001304667,0.8057998231448652,0,0,0,,,,,,,,
42,200,RBF SVM — PCA 4,Classical,4,0,0.9649122807017544,0.975,0.9285714285714286,0.9512195121951219,0.9900793650793651,0.0014980999999352207,0.0010924000002887624,0.002590500000223983,0.8057998231448652,0,0,0,,,,,,,,
42,200,"QSVC — PCA 4 / 4Q (reps=1, full)",Quantum,4,4,0.868421052631579,0.8461538461538461,0.7857142857142857,0.8148148148148148,0.9391534391534392,0.0015521000000262575,0.0005871000003025983,0.3440169000004971,0.8057998231448652,320000,182400,502400,86.90465216272358,35776.14930844662,0.08818384837525318,0.09101261153540392,0.23248980000016672,0.10868290000007619,0.00036709999994855025,0.0003378999999767984
42,300,Linear SVM — PCA 2,Classical,2,0,0.9298245614035088,0.9047619047619048,0.9047619047619048,0.9047619047619048,0.9880952380952381,0.0015932000001157576,0.0005078000003777561,0.0021010000004935137,0.6424151573835412,0,0,0,,,,,,,,
42,300,RBF SVM — PCA 2,Classical,2,0,0.9473684210526315,0.95,0.9047619047619048,0.926829268292683,0.9844576719576719,0.002499799999895913,0.001424200000201381,0.003924000000097294,0.6424151573835412,0,0,0,,,,,,,,
42,300,"QSVC — PCA 2 / 2Q (reps=1, full)",Quantum,2,2,0.9385964912280702,0.9487179487179487,0.8809523809523809,0.9135802469135802,0.9794973544973544,0.0022718000000168104,0.0006032999999661115,0.1549873000003572,0.6424151573835412,720000,273600,993600,7.1633711088620045,1.7709838695478968e+19,0.32451088942179085,0.29859063843105654,0.11246630000005098,0.03871690000005401,0.000725700000202778,0.00020330000006651971
42,300,Linear SVM — PCA 4,Classical,4,0,0.9649122807017544,0.975,0.9285714285714286,0.9512195121951219,0.9950396825396826,0.0013954999999441497,0.00046249999968495104,0.0018579999996291008,0.8063204679502147,0,0,0,,,,,,,,
42,300,RBF SVM — PCA 4,Classical,4,0,0.9649122807017544,0.975,0.9285714285714286,0.9512195121951219,0.9930555555555556,0.0020257999999557796,0.0013620999998238403,0.00338789999977962,0.8063204679502147,0,0,0,,,,,,,,
42,300,"QSVC — PCA 4 / 4Q (reps=1, full)",Quantum,4,4,0.9210526315789473,0.8837209302325582,0.9047619047619048,0.8941176470588236,0.9656084656084656,0.00349740000001475,0.001182000000426342,0.43593250000003536,0.8063204679502147,720000,273600,993600,89.54223991706249,1.4407442132860578e+17,0.09426710678289567,0.10158819603980286,0.3089034999998148,0.12122760000011112,0.0007032999997136358,0.000418699999954697
42,455,Linear SVM — PCA 2,Classical,2,0,0.9473684210526315,0.9090909090909091,0.9523809523809523,0.9302325581395349,0.9884259259259259,0.0025184999999510183,0.0009273000000575848,0.003445800000008603,0.633581100677249,0,0,0,,,,,,,,
42,455,RBF SVM — PCA 2,Classical,2,0,0.9473684210526315,0.95,0.9047619047619048,0.926829268292683,0.986441798941799,0.001880400000118243,0.0014883999997437058,0.003368799999861949,0.633581100677249,0,0,0,,,,,,,,
42,455,"QSVC — PCA 2 / 2Q (reps=1, full)",Quantum,2,2,0.9210526315789473,0.9230769230769231,0.8571428571428571,0.8888888888888888,0.9818121693121693,0.002686199999970995,0.0011347999998179148,0.21245230000022275,0.633581100677249,1656200,414960,2071160,7.467798213445227,3.727460679042416e+19,0.31798351316992307,0.29250907705572277,0.15892239999993762,0.04748890000018946,0.0019261000002188666,0.00029390000008788775
42,455,Linear SVM — PCA 4,Classical,4,0,0.9649122807017544,0.975,0.9285714285714286,0.9512195121951219,0.9927248677248678,0.0021176999998715473,0.0005264000001261593,0.0026440999999977066,0.7962615580754815,0,0,0,,,,,,,,
42,455,RBF SVM — PCA 4,Classical,4,0,0.9649122807017544,0.975,0.9285714285714286,0.9512195121951219,0.9930555555555556,0.0020202999999128224,0.0017965000001822773,0.0038168000000950997,0.7962615580754815,0,0,0,,,,,,,,
42,455,"QSVC — PCA 4 / 4Q (reps=1, full)",Quantum,4,4,0.9298245614035088,0.8863636363636364,0.9285714285714286,0.9069767441860465,0.968584656084656,0.003126799999790819,0.0007442999999511812,0.6432220999995479,0.7962615580754815,1656200,414960,2071160,90.76350609256536,9.465311738222217e+18,0.0993551007981607,0.10723751009006618,0.5159746999997878,0.1206013000000894,0.0021332999999685853,0.0006416999999601103
123,50,Linear SVM — PCA 2,Classical,2,0,0.9649122807017544,0.9130434782608695,1.0,0.9545454545454546,0.996031746031746,0.0020828999995501363,0.004537200000413577,0.006620099999963713,0.6478669127084824,0,0,0,,,,,,,,
123,50,RBF SVM — PCA 2,Classical,2,0,0.956140350877193,0.9111111111111111,0.9761904761904762,0.9425287356321839,0.9940476190476191,0.0011423000000831962,0.0007584999998471176,0.0019007999999303138,0.6478669127084824,0,0,0,,,,,,,,
123,50,"QSVC — PCA 2 / 2Q (reps=1, full)",Quantum,2,2,0.8421052631578947,0.7857142857142857,0.7857142857142857,0.7857142857142857,0.8792989417989419,0.002023300000018935,0.000761899999815796,0.1270239999998921,0.6478669127084824,20000,45600,65600,8.748739950348554,6.969195470661857e+17,0.28035924731864176,0.2471875020289881,0.019090000000232976,0.10480360000019573,0.00025729999970280915,8.789999992586672e-05
123,50,Linear SVM — PCA 4,Classical,4,0,0.9473684210526315,0.9285714285714286,0.9285714285714286,0.9285714285714286,0.9943783068783069,0.001981299999897601,0.0006662999999207386,0.0026475999998183397,0.8211961197931793,0,0,0,,,,,,,,
123,50,RBF SVM — PCA 4,Classical,4,0,0.9649122807017544,0.9318181818181818,0.9761904761904762,0.9534883720930233,0.9917328042328043,0.0012977999999748135,0.0012836999999308318,0.0025814999999056454,0.8211961197931793,0,0,0,,,,,,,,
123,50,"QSVC — PCA 4 / 4Q (reps=1, full)",Quantum,4,4,0.6842105263157895,0.6875,0.2619047619047619,0.3793103448275862,0.7351190476190477,0.0010416000000077474,0.00042290000010325457,0.17438070000025618,0.8211961197931793,20000,45600,65600,39.36758634793391,37.11672761198581,0.07937647029570083,0.08057942920300264,0.058339300000170624,0.11441039999999703,4.8800000058690784e-05,0.00011769999991884106
123,100,Linear SVM — PCA 2,Classical,2,0,0.9649122807017544,0.9130434782608695,1.0,0.9545454545454546,0.996031746031746,0.000988599999800499,0.00044040000011591474,0.0014289999999164138,0.631594076432115,0,0,0,,,,,,,,
123,100,RBF SVM — PCA 2,Classical,2,0,0.956140350877193,0.9111111111111111,0.9761904761904762,0.9425287356321839,0.996031746031746,0.0012084999998478452,0.0008433000002696645,0.0020518000001175096,0.631594076432115,0,0,0,,,,,,,,
123,100,"QSVC — PCA 2 / 2Q (reps=1, full)",Quantum,2,2,0.8771929824561403,0.868421052631579,0.7857142857142857,0.825,0.9107142857142856,0.0011494000000311644,0.0005544000000554661,0.08223230000021431,0.631594076432115,80000,91200,171200,8.866042685773863,7.387766111132852e+19,0.28218684130934135,0.25632596238588157,0.04082730000027368,0.03958130000000892,7.229999982882873e-05,4.760000001624576e-05
123,100,Linear SVM — PCA 4,Classical,4,0,0.9649122807017544,0.9130434782608695,1.0,0.9545454545454546,0.9963624338624338,0.001062600000295788,0.0004631000001609209,0.001525700000456709,0.7985120176479256,0,0,0,,,,,,,,
123,100,RBF SVM — PCA 4,Classical,4,0,0.956140350877193,0.9111111111111111,0.9761904761904762,0.9425287356321839,0.9953703703703703,0.0010062999999718159,0.0008855000000949076,0.0018918000000667234,0.7985120176479256,0,0,0,,,,,,,,
123,100,"QSVC — PCA 4 / 4Q (reps=1, full)",Quantum,4,4,0.7543859649122807,0.85,0.40476190476190477,0.5483870967741935,0.8201058201058202,0.001159799999641109,0.00047270000004573376,0.20260629999984303,0.7985120176479256,80000,91200,171200,65.0102644203577,191.70489651382513,0.07989797428101435,0.08140509699056982,0.095952699999998,0.1045908999999483,0.00023019999980533612,0.00020000000040454324
123,200,Linear SVM — PCA 2,Classical,2,0,0.9473684210526315,0.8913043478260869,0.9761904761904762,0.9318181818181818,0.9943783068783069,0.0011491999998725078,0.00047369999992952216,0.00162289999980203,0.643851017057005,0,0,0,,,,,,,,
123,200,RBF SVM — PCA 2,Classical,2,0,0.9473684210526315,0.9090909090909091,0.9523809523809523,0.9302325581395349,0.9937169312169313,0.0012014000003546244,0.0015947000001688139,0.002796100000523438,0.643851017057005,0,0,0,,,,,,,,
123,200,"QSVC — PCA 2 / 2Q (reps=1, full)",Quantum,2,2,0.8859649122807017,0.9142857142857143,0.7619047619047619,0.8311688311688312,0.9424603174603174,0.0014835000001767185,0.0005912999999964086,0.10854110000036599,0.643851017057005,320000,182400,502400,8.502393575721506,1.0027482752295821e+19,0.2965060553356625,0.2665671894991165,0.06872650000013891,0.03727570000000924,0.0003113000002485933,0.00015279999979611603
123,200,Linear SVM — PCA 4,Classical,4,0,0.9736842105263158,0.9534883720930233,0.9761904761904762,0.9647058823529412,0.9907407407407407,0.0012969999997949344,0.0006458999996539205,0.001942899999448855,0.7991621006836023,0,0,0,,,,,,,,
123,200,RBF SVM — PCA 4,Classical,4,0,0.9649122807017544,0.9318181818181818,0.9761904761904762,0.9534883720930233,0.9983465608465609,0.0012677999998231826,0.001180700000077195,0.0024484999999003776,0.7991621006836023,0,0,0,,,,,,,,
123,200,"QSVC — PCA 4 / 4Q (reps=1, full)",Quantum,4,4,0.9035087719298246,0.918918918918919,0.8095238095238095,0.8607594936708861,0.9507275132275133,0.001736800000344374,0.000554900000224734,0.3022267000001193,0.7991621006836023,320000,182400,502400,94.45445663897931,24712.0153211709,0.0805752135893674,0.08363388201419852,0.19170559999975012,0.10749089999990247,0.000413499999922351,0.00032499999997526174
123,300,Linear SVM — PCA 2,Classical,2,0,0.9649122807017544,0.9318181818181818,0.9761904761904762,0.9534883720930233,0.9947089947089947,0.0014286999999058025,0.0004878999998254585,0.001916599999731261,0.6444369114287606,0,0,0,,,,,,,,
123,300,RBF SVM — PCA 2,Classical,2,0,0.9473684210526315,0.9090909090909091,0.9523809523809523,0.9302325581395349,0.9933862433862434,0.0013729000002058456,0.0014962000000195985,0.002869100000225444,0.6444369114287606,0,0,0,,,,,,,,
123,300,"QSVC — PCA 2 / 2Q (reps=1, full)",Quantum,2,2,0.9385964912280702,0.926829268292683,0.9047619047619048,0.9156626506024096,0.9685846560846562,0.0015288999998119834,0.000557200000002922,0.1479964000000109,0.6444369114287606,720000,273600,993600,7.339281462994147,1.0003094325010831e+19,0.32578585381136566,0.29176645508033877,0.10059339999997974,0.044206000000031054,0.0008677000000716362,0.0002432000001135748
123,300,Linear SVM — PCA 4,Classical,4,0,0.9649122807017544,0.9523809523809523,0.9523809523809523,0.9523809523809523,0.996031746031746,0.0015852000001359556,0.0005014000003029651,0.0020866000004389207,0.8005760464607136,0,0,0,,,,,,,,
123,300,RBF SVM — PCA 4,Classical,4,0,0.9736842105263158,0.975609756097561,0.9523809523809523,0.963855421686747,0.9986772486772486,0.0016293000003315683,0.00138150000020687,0.0030108000005384383,0.8005760464607136,0,0,0,,,,,,,,
123,300,"QSVC — PCA 4 / 4Q (reps=1, full)",Quantum,4,4,0.8947368421052632,0.8947368421052632,0.8095238095238095,0.85,0.9543650793650793,0.0019470999995974125,0.0006129000003056717,0.40528690000019196,0.8005760464607136,720000,273600,993600,95.37435908253735,1.2540769935624794e+18,0.08932422113351522,0.09546582469022778,0.28588410000020303,0.11541229999966163,0.0009042000001500128,0.0005263000002742046
123,455,Linear SVM — PCA 2,Classical,2,0,0.956140350877193,0.9302325581395349,0.9523809523809523,0.9411764705882353,0.9943783068783069,0.0020841999998992833,0.0005482000001393317,0.002632400000038615,0.63411712309742,0,0,0,,,,,,,,
123,455,RBF SVM — PCA 2,Classical,2,0,0.9649122807017544,0.9523809523809523,0.9523809523809523,0.9523809523809523,0.9910714285714285,0.002039400000285241,0.0016121000003295194,0.00365150000061476,0.63411712309742,0,0,0,,,,,,,,
123,455,"QSVC — PCA 2 / 2Q (reps=1, full)",Quantum,2,2,0.9298245614035088,0.9047619047619048,0.9047619047619048,0.9047619047619048,0.9738756613756614,0.001954200000000128,0.0006317000002127315,0.19324230000029274,0.63411712309742,1656200,414960,2071160,7.2645726419269785,3.319203468171594e+19,0.3281926297887239,0.2922836143377489,0.14795349999985774,0.040377900000294176,0.0018673999998100044,0.00045760000011796365
123,455,Linear SVM — PCA 4,Classical,4,0,0.9824561403508771,0.9545454545454546,1.0,0.9767441860465116,0.9973544973544973,0.0020994000001337554,0.0005101000001559441,0.0026095000002896995,0.7967641298120361,0,0,0,,,,,,,,
123,455,RBF SVM — PCA 4,Classical,4,0,0.9824561403508771,0.9545454545454546,1.0,0.9767441860465116,0.9983465608465608,0.0020402000000103726,0.0016244999997070408,0.0036646999997174134,0.7967641298120361,0,0,0,,,,,,,,
123,455,"QSVC — PCA 4 / 4Q (reps=1, full)",Quantum,4,4,0.9649122807017544,0.9523809523809523,0.9523809523809523,0.9523809523809523,0.9917328042328042,0.002552899999955116,0.0006978000001254259,0.5489295999996102,0.7967641298120361,1656200,414960,2071160,92.66509533443232,1.525526049191634e+19,0.09815245554695269,0.10382247603873825,0.4385287000000062,0.10434219999979177,0.0023403999998663494,0.0004675999998653424
456,50,Linear SVM — PCA 2,Classical,2,0,0.956140350877193,0.9111111111111111,0.9761904761904762,0.9425287356321839,0.9914021164021164,0.0011659000001600361,0.0004039000000375381,0.0015698000001975743,0.6527724125033247,0,0,0,,,,,,,,
456,50,RBF SVM — PCA 2,Classical,2,0,0.9122807017543859,0.9210526315789473,0.8333333333333334,0.875,0.9788359788359788,0.0010212000001956767,0.0006392000000232656,0.0016604000002189423,0.6527724125033247,0,0,0,,,,,,,,
456,50,"QSVC — PCA 2 / 2Q (reps=1, full)",Quantum,2,2,0.868421052631579,0.9655172413793104,0.6666666666666666,0.7887323943661971,0.949404761904762,0.001038099999732367,0.0003956000000471249,0.057960699999512144,0.6527724125033247,20000,45600,65600,8.684026369714202,6.42228884848745e+17,0.2691845955747997,0.25146180457908585,0.01659960000006322,0.039778800000021874,0.00011469999981272849,3.389999983482994e-05
456,50,Linear SVM — PCA 4,Classical,4,0,0.9298245614035088,0.8541666666666666,0.9761904761904762,0.9111111111111111,0.9920634920634921,0.0009425999996892642,0.00042209999992337544,0.0013646999996126397,0.8193547499494811,0,0,0,,,,,,,,
456,50,RBF SVM — PCA 4,Classical,4,0,0.9210526315789473,0.9459459459459459,0.8333333333333334,0.8860759493670886,0.9854497354497354,0.0010004999999182473,0.0006760000001122535,0.0016765000000305008,0.8193547499494811,0,0,0,,,,,,,,
456,50,"QSVC — PCA 4 / 4Q (reps=1, full)",Quantum,4,4,0.7719298245614035,0.8333333333333334,0.47619047619047616,0.6060606060606061,0.7787698412698414,0.0010508000000299944,0.0007516999999097607,0.16873480000049312,0.8193547499494811,20000,45600,65600,40.31465325705979,31.48709759480463,0.07555687387189071,0.07594408500037533,0.05028070000025764,0.11648730000024443,4.830000034417026e-05,0.00011599999970712815
456,100,Linear SVM — PCA 2,Classical,2,0,0.956140350877193,0.9743589743589743,0.9047619047619048,0.9382716049382716,0.990079365079365,0.0009629000001041277,0.0004262000002199784,0.001389100000324106,0.6477593808072823,0,0,0,,,,,,,,
456,100,RBF SVM — PCA 2,Classical,2,0,0.9210526315789473,0.9714285714285714,0.8095238095238095,0.8831168831168831,0.9712301587301586,0.0009945000001607696,0.0007430999999087362,0.0017376000000695058,0.6477593808072823,0,0,0,,,,,,,,
456,100,"QSVC — PCA 2 / 2Q (reps=1, full)",Quantum,2,2,0.868421052631579,0.9090909090909091,0.7142857142857143,0.8,0.9345238095238095,0.0010669999996935076,0.00042290000010325457,0.06764659999998912,0.6477593808072823,80000,91200,171200,8.718438159448407,6.405146497879389e+18,0.27662839129303257,0.25932922918701223,0.031073399999968387,0.03497030000016821,6.549999989147182e-05,4.750000016429112e-05
456,100,Linear SVM — PCA 4,Classical,4,0,0.9473684210526315,0.9736842105263158,0.8809523809523809,0.925,0.9894179894179894,0.0009597000002941058,0.0004175999997642066,0.0013773000000583124,0.8177339683837592,0,0,0,,,,,,,,
456,100,RBF SVM — PCA 4,Classical,4,0,0.9473684210526315,0.9736842105263158,0.8809523809523809,0.925,0.9841269841269842,0.0009503999999651569,0.0007937000000310945,0.0017440999999962514,0.8177339683837592,0,0,0,,,,,,,,
456,100,"QSVC — PCA 4 / 4Q (reps=1, full)",Quantum,4,4,0.7807017543859649,0.7297297297297297,0.6428571428571429,0.6835443037974683,0.8776455026455026,0.002032500000041182,0.0006653000000369502,0.2119065000001683,0.8177339683837592,80000,91200,171200,63.77437640964795,281.2658551423274,0.08252722684742038,0.08326112957530833,0.10029149999991205,0.10846070000025065,0.0002328000000488828,0.00022369999987859046
456,200,Linear SVM — PCA 2,Classical,2,0,0.956140350877193,0.9111111111111111,0.9761904761904762,0.9425287356321839,0.9904100529100529,0.0011195999995834427,0.00046380000003409805,0.0015833999996175407,0.6461595716627273,0,0,0,,,,,,,,
456,200,RBF SVM — PCA 2,Classical,2,0,0.9473684210526315,0.9736842105263158,0.8809523809523809,0.925,0.9841269841269842,0.0011713000003510388,0.0009638999999879161,0.002135200000338955,0.6461595716627273,0,0,0,,,,,,,,
456,200,"QSVC — PCA 2 / 2Q (reps=1, full)",Quantum,2,2,0.9122807017543859,0.9,0.8571428571428571,0.8780487804878049,0.9408068783068784,0.001902400000290072,0.0006691999997201492,0.11741499999970983,0.6461595716627273,320000,182400,502400,8.531000235404473,6.402710716684314e+18,0.2919533091098782,0.26423323380660135,0.06916679999994813,0.04523199999994176,0.000299299999824143,0.00014529999998558196
456,200,Linear SVM — PCA 4,Classical,4,0,0.956140350877193,0.9512195121951219,0.9285714285714286,0.9397590361445783,0.9933862433862435,0.0018089999998665007,0.00045080000018060673,0.0022598000000471075,0.8047213887117229,0,0,0,,,,,,,,
456,200,RBF SVM — PCA 4,Classical,4,0,0.956140350877193,0.9512195121951219,0.9285714285714286,0.9397590361445783,0.9890873015873016,0.001246499999979278,0.0010541000001467182,0.0023006000001259963,0.8047213887117229,0,0,0,,,,,,,,
456,200,"QSVC — PCA 4 / 4Q (reps=1, full)",Quantum,4,4,0.8421052631578947,0.8333333333333334,0.7142857142857143,0.7692307692307693,0.9203042328042328,0.0014403000000129396,0.0005098999999972875,0.3047028000005412,0.8047213887117229,320000,182400,502400,90.87638496457339,15617.530335717021,0.0843115732453436,0.08682764126441794,0.19431369999983872,0.10725510000020222,0.0006705000000692962,0.0005133000004207133
456,300,Linear SVM — PCA 2,Classical,2,0,0.956140350877193,0.9743589743589743,0.9047619047619048,0.9382716049382716,0.990079365079365,0.0012766999998348183,0.00048409999999421416,0.0017607999998290325,0.6502964752884921,0,0,0,,,,,,,,
456,300,RBF SVM — PCA 2,Classical,2,0,0.9298245614035088,0.9722222222222222,0.8333333333333334,0.8974358974358975,0.9808201058201058,0.0013103000001137843,0.001136299999870971,0.0024465999999847554,0.6502964752884921,0,0,0,,,,,,,,
456,300,"QSVC — PCA 2 / 2Q (reps=1, full)",Quantum,2,2,0.9210526315789473,0.9714285714285714,0.8095238095238095,0.8831168831168831,0.974537037037037,0.0014078999997764186,0.00048759999981484725,0.13936129999910918,0.6502964752884921,720000,273600,993600,7.531443581672283,7.66743954132638e+19,0.3162352290888275,0.28635677092809847,0.09818279999990409,0.03820180000002438,0.000709999999799038,0.00037119999979040585
456,300,Linear SVM — PCA 4,Classical,4,0,0.9473684210526315,0.95,0.9047619047619048,0.926829268292683,0.9910714285714286,0.0013245999998616753,0.00047769999991942313,0.0018022999997810984,0.8014490575674222,0,0,0,,,,,,,,
456,300,RBF SVM — PCA 4,Classical,4,0,0.9473684210526315,0.95,0.9047619047619048,0.926829268292683,0.9894179894179894,0.0014239000001907698,0.001240499999767053,0.0026643999999578227,0.8014490575674222,0,0,0,,,,,,,,
456,300,"QSVC — PCA 4 / 4Q (reps=1, full)",Quantum,4,4,0.8947368421052632,0.8947368421052632,0.8095238095238095,0.85,0.9441137566137566,0.002005599999847618,0.000712900000053196,0.3932315000001836,0.8014490575674222,720000,273600,993600,93.27776723272339,2.4007761621557168e+17,0.09219049028679928,0.09651301815173184,0.27510050000000774,0.11404540000012275,0.0008198000000447792,0.0005473000001074979
456,455,Linear SVM — PCA 2,Classical,2,0,0.956140350877193,0.9743589743589743,0.9047619047619048,0.9382716049382716,0.9894179894179894,0.00206560000015088,0.0006061999997655221,0.002671799999916402,0.6443548411525268,0,0,0,,,,,,,,
456,455,RBF SVM — PCA 2,Classical,2,0,0.9473684210526315,0.9736842105263158,0.8809523809523809,0.925,0.980489417989418,0.0020126999997955863,0.0015408999997816863,0.0035535999995772727,0.6443548411525268,0,0,0,,,,,,,,
456,455,"QSVC — PCA 2 / 2Q (reps=1, full)",Quantum,2,2,0.9035087719298246,0.9696969696969697,0.7619047619047619,0.8533333333333334,0.9818121693121693,0.0020997999999963213,0.000654700000268349,0.2075379000002613,0.6443548411525268,1656200,414960,2071160,7.192574436914831,2.0973088100370907e+19,0.3292648563713973,0.2930560289778169,0.15508180000006178,0.04744720000007874,0.0018970000000990694,0.0003573999997570354
456,455,Linear SVM — PCA 4,Classical,4,0,0.9473684210526315,0.95,0.9047619047619048,0.926829268292683,0.99239417989418,0.002247200000056182,0.0005937999999332533,0.0028409999999894353,0.7981522013385316,0,0,0,,,,,,,,
456,455,RBF SVM — PCA 4,Classical,4,0,0.9473684210526315,0.95,0.9047619047619048,0.926829268292683,0.9920634920634921,0.002056799999991199,0.001578200000039942,0.003635000000031141,0.7981522013385316,0,0,0,,,,,,,,
456,455,"QSVC — PCA 4 / 4Q (reps=1, full)",Quantum,4,4,0.8771929824561403,0.868421052631579,0.7857142857142857,0.825,0.9368386243386243,0.003027499999916472,0.0007546000001639186,0.538921400000163,0.7981522013385316,1656200,414960,2071160,96.98518370490112,2.643364005052699e+20,0.09615477236815732,0.1010190217406299,0.4274857999998858,0.10533660000010059,0.0019007000000783592,0.0004162000000178523
789,50,Linear SVM — PCA 2,Classical,2,0,0.9473684210526315,0.9285714285714286,0.9285714285714286,0.9285714285714286,0.9880952380952381,0.0009546999999656691,0.0004206999997222738,0.001375399999687943,0.6473397958161634,0,0,0,,,,,,,,
789,50,RBF SVM — PCA 2,Classical,2,0,0.9473684210526315,0.95,0.9047619047619048,0.926829268292683,0.9841269841269842,0.0009014000002025568,0.0006892000001244014,0.0015906000003269583,0.6473397958161634,0,0,0,,,,,,,,
789,50,"QSVC — PCA 2 / 2Q (reps=1, full)",Quantum,2,2,0.7631578947368421,0.7027027027027027,0.6190476190476191,0.6582278481012658,0.8171296296296297,0.0011203000003661145,0.0004205000000183645,0.0592333000004146,0.6473397958161634,20000,45600,65600,9.191959403052982,6.970490009868105e+17,0.2676993523585393,0.23786002509720788,0.018079599999964557,0.039426600000297185,0.0001480999999330379,3.819999983534217e-05
789,50,Linear SVM — PCA 4,Classical,4,0,0.9736842105263158,1.0,0.9285714285714286,0.9629629629629629,0.9970238095238095,0.0010093000000779284,0.00044649999972534715,0.0014557999998032756,0.7997576708717443,0,0,0,,,,,,,,
789,50,RBF SVM — PCA 4,Classical,4,0,0.9736842105263158,0.975609756097561,0.9523809523809523,0.963855421686747,0.9900793650793651,0.0009509000001344248,0.0007463000001735054,0.0016972000003079302,0.7997576708717443,0,0,0,,,,,,,,
789,50,"QSVC — PCA 4 / 4Q (reps=1, full)",Quantum,4,4,0.6228070175438597,0.45454545454545453,0.11904761904761904,0.18867924528301888,0.6064814814814815,0.0010416000000077474,0.0005019999998694402,0.1591573000000608,0.7997576708717443,20000,45600,65600,39.705152086634,36.55115044303384,0.07802410764895515,0.07750385270456189,0.047980400000142254,0.10947260000011738,4.8799999603943434e-05,0.0001119000003200199
789,100,Linear SVM — PCA 2,Classical,2,0,0.9385964912280702,0.926829268292683,0.9047619047619048,0.9156626506024096,0.9890873015873016,0.0010029000000031374,0.0004225000002406887,0.001425400000243826,0.6458747592014018,0,0,0,,,,,,,,
789,100,RBF SVM — PCA 2,Classical,2,0,0.9122807017543859,0.9210526315789473,0.8333333333333334,0.875,0.9880952380952381,0.0013187999998081068,0.0008715999997548352,0.002190399999562942,0.6458747592014018,0,0,0,,,,,,,,
789,100,"QSVC — PCA 2 / 2Q (reps=1, full)",Quantum,2,2,0.8771929824561403,0.9375,0.7142857142857143,0.8108108108108109,0.9163359788359788,0.0012403999999150983,0.00042380000013508834,0.07633230000010371,0.6458747592014018,80000,91200,171200,8.36664834388527,4.0041095169663406e+18,0.2896897474590194,0.26111982214049956,0.03557460000001811,0.03897469999992609,7.129999994504033e-05,4.750000016429112e-05
789,100,Linear SVM — PCA 4,Classical,4,0,0.9385964912280702,0.9487179487179487,0.8809523809523809,0.9135802469135802,0.9890873015873016,0.00115349999987302,0.00043619999996735714,0.0015896999998403771,0.7905794725530184,0,0,0,,,,,,,,
789,100,RBF SVM — PCA 4,Classical,4,0,0.9210526315789473,0.9459459459459459,0.8333333333333334,0.8860759493670886,0.9871031746031745,0.0009715999999571068,0.000898100000085833,0.0018697000000429398,0.7905794725530184,0,0,0,,,,,,,,
789,100,"QSVC — PCA 4 / 4Q (reps=1, full)",Quantum,4,4,0.7807017543859649,0.9047619047619048,0.4523809523809524,0.6031746031746031,0.8392857142857143,0.0011181999998370884,0.00045820000013918616,0.20572890000084953,0.7905794725530184,80000,91200,171200,66.0228238748653,149.3882550698043,0.07879656465693627,0.07823792381830062,0.09798050000017611,0.10570740000002843,0.000232000000323751,0.00023260000034497352
789,200,Linear SVM — PCA 2,Classical,2,0,0.956140350877193,0.9302325581395349,0.9523809523809523,0.9411764705882353,0.9884259259259259,0.0010629999997036066,0.0004619999999704305,0.001524999999674037,0.642857635258161,0,0,0,,,,,,,,
789,200,RBF SVM — PCA 2,Classical,2,0,0.9210526315789473,0.9230769230769231,0.8571428571428571,0.8888888888888888,0.9877645502645502,0.0011638000000857573,0.0010537000002841523,0.0022175000003699097,0.642857635258161,0,0,0,,,,,,,,
789,200,"QSVC — PCA 2 / 2Q (reps=1, full)",Quantum,2,2,0.8771929824561403,0.9375,0.7142857142857143,0.8108108108108109,0.9305555555555556,0.001409800000146788,0.0005371000002014625,0.10472260000005917,0.642857635258161,320000,182400,502400,7.8184307922756044,1.0619057932694702e+19,0.3082067001766607,0.27692568209806123,0.06546290000005683,0.03690820000019812,0.00026039999966087635,0.00014419999979509157
789,200,Linear SVM — PCA 4,Classical,4,0,0.9473684210526315,0.9285714285714286,0.9285714285714286,0.9285714285714286,0.9874338624338624,0.0011239000000387023,0.00044969999999011634,0.0015736000000288186,0.7875045054989093,0,0,0,,,,,,,,
789,200,RBF SVM — PCA 4,Classical,4,0,0.9298245614035088,0.925,0.8809523809523809,0.9024390243902439,0.9854497354497355,0.0012028999999529333,0.0013186999999561522,0.0025215999999090855,0.7875045054989093,0,0,0,,,,,,,,
789,200,"QSVC — PCA 4 / 4Q (reps=1, full)",Quantum,4,4,0.8421052631578947,0.9,0.6428571428571429,0.75,0.9143518518518519,0.001491600000008475,0.0006794999999328866,0.31273730000020805,0.7875045054989093,320000,182400,502400,88.08245022382397,31302.73357090826,0.0876759582204102,0.0876057941583153,0.19870559999981197,0.11053440000023329,0.0005129999999553547,0.0008132000002660789
789,300,Linear SVM — PCA 2,Classical,2,0,0.9649122807017544,0.9318181818181818,0.9761904761904762,0.9534883720930233,0.9890873015873016,0.0015147999997680017,0.00046999999995023245,0.001984799999718234,0.6294946506101692,0,0,0,,,,,,,,
789,300,RBF SVM — PCA 2,Classical,2,0,0.9210526315789473,0.9230769230769231,0.8571428571428571,0.8888888888888888,0.9884259259259259,0.001826399999572459,0.001214599999912025,0.003040999999484484,0.6294946506101692,0,0,0,,,,,,,,
789,300,"QSVC — PCA 2 / 2Q (reps=1, full)",Quantum,2,2,0.8771929824561403,0.8888888888888888,0.7619047619047619,0.8205128205128205,0.951388888888889,0.001389000000017404,0.0005006000001230859,0.14893189999929746,0.6294946506101692,720000,273600,993600,7.447434993353419,8.827647333205282e+19,0.3226944691377701,0.28390346885174317,0.10919930000000022,0.0365775999998732,0.0008501999996042287,0.00041519999967931653
789,300,Linear SVM — PCA 4,Classical,4,0,0.9649122807017544,0.9318181818181818,0.9761904761904762,0.9534883720930233,0.9947089947089947,0.0014367999997375591,0.0005783000001429173,0.0020150999998804764,0.781187327409281,0,0,0,,,,,,,,
789,300,RBF SVM — PCA 4,Classical,4,0,0.9473684210526315,0.9736842105263158,0.8809523809523809,0.925,0.9957010582010581,0.0016609999997854175,0.0014028000000507745,0.003063799999836192,0.781187327409281,0,0,0,,,,,,,,
789,300,"QSVC — PCA 4 / 4Q (reps=1, full)",Quantum,4,4,0.8771929824561403,0.9117647058823529,0.7380952380952381,0.8157894736842105,0.9560185185185185,0.0019523999999364605,0.0006026000000929344,0.37299999999959255,0.781187327409281,720000,273600,993600,94.5514565013114,2.3596525531133354e+17,0.09139587507323717,0.09495858241690491,0.26756079999995563,0.10156229999984134,0.0007894999998825369,0.0005323999998836371
789,455,Linear SVM — PCA 2,Classical,2,0,0.956140350877193,0.9111111111111111,0.9761904761904762,0.9425287356321839,0.9884259259259259,0.002065499999844178,0.0005178999999770895,0.0025833999998212676,0.6320953825208835,0,0,0,,,,,,,,
789,455,RBF SVM — PCA 2,Classical,2,0,0.9385964912280702,0.926829268292683,0.9047619047619048,0.9156626506024096,0.9887566137566137,0.0018178000000261818,0.0016477000003760622,0.003465500000402244,0.6320953825208835,0,0,0,,,,,,,,
789,455,"QSVC — PCA 2 / 2Q (reps=1, full)",Quantum,2,2,0.8771929824561403,0.9117647058823529,0.7380952380952381,0.8157894736842105,0.949074074074074,0.0018523000003369816,0.0005916999998589745,0.18753500000002532,0.6320953825208835,1656200,414960,2071160,7.158246617577683,4.156603373296546e+20,0.3310537557319528,0.2922184560126905,0.1457580000001144,0.03708469999992303,0.0019438999997873907,0.0003044000000045344
789,455,Linear SVM — PCA 4,Classical,4,0,0.9736842105263158,0.975609756097561,0.9523809523809523,0.963855421686747,0.9993386243386244,0.0021033000002717017,0.0005075999997643521,0.002610900000036054,0.7895518179235321,0,0,0,,,,,,,,
789,455,RBF SVM — PCA 4,Classical,4,0,0.9649122807017544,0.975,0.9285714285714286,0.9512195121951219,0.998015873015873,0.0020217999999658787,0.0017925000001923763,0.003814300000158255,0.7895518179235321,0,0,0,,,,,,,,
789,455,"QSVC — PCA 4 / 4Q (reps=1, full)",Quantum,4,4,0.8947368421052632,0.9166666666666666,0.7857142857142857,0.8461538461538461,0.9540343915343915,0.003314200000204437,0.0007852999997339793,0.5201221000002079,0.7895518179235321,1656200,414960,2071160,104.80226767533655,2.6478354015840272e+19,0.09110109857712465,0.09469003378948905,0.4066658000001553,0.10693840000021737,0.0019933999997192586,0.00042500000017753337
2026,50,Linear SVM — PCA 2,Classical,2,0,0.8771929824561403,0.7592592592592593,0.9761904761904762,0.8541666666666666,0.9728835978835979,0.0009249000004274421,0.0005298999999467924,0.0014548000003742345,0.6763508931212157,0,0,0,,,,,,,,
2026,50,RBF SVM — PCA 2,Classical,2,0,0.8859649122807017,0.7959183673469388,0.9285714285714286,0.8571428571428571,0.9755291005291005,0.000986300000022311,0.0006597000001420383,0.0016460000001643493,0.6763508931212157,0,0,0,,,,,,,,
2026,50,"QSVC — PCA 2 / 2Q (reps=1, full)",Quantum,2,2,0.8245614035087719,0.8235294117647058,0.6666666666666666,0.7368421052631579,0.873015873015873,0.0012380999996821629,0.00048110000034284894,0.06735040000012305,0.6763508931212157,20000,45600,65600,7.964882104492016,6.240167467829879e+17,0.2919902432483163,0.2576876911713242,0.022634000000380183,0.04283029999987775,0.00012719999995169928,3.969999988839845e-05
2026,50,Linear SVM — PCA 4,Classical,4,0,0.8771929824561403,0.7592592592592593,0.9761904761904762,0.8541666666666666,0.9742063492063492,0.0010004999999182473,0.0004409000002851826,0.00144140000020343,0.8395016558982291,0,0,0,,,,,,,,
2026,50,RBF SVM — PCA 4,Classical,4,0,0.9035087719298246,0.8163265306122449,0.9523809523809523,0.8791208791208791,0.976521164021164,0.0009984999996959232,0.0007040999998935149,0.001702599999589438,0.8395016558982291,0,0,0,,,,,,,,
2026,50,"QSVC — PCA 4 / 4Q (reps=1, full)",Quantum,4,4,0.7543859649122807,0.71875,0.5476190476190477,0.6216216216216216,0.7913359788359788,0.0012115999998059124,0.0005859000002601533,0.170103299999937,0.8395016558982291,20000,45600,65600,37.88710719657669,133.8659234485064,0.08094433434550126,0.08941471720946943,0.05168469999989611,0.11645309999994424,4.9000000217347406e-05,0.00011899999981324072
2026,100,Linear SVM — PCA 2,Classical,2,0,0.9210526315789473,0.8666666666666667,0.9285714285714286,0.896551724137931,0.9775132275132276,0.0009361000002172659,0.0004152999999860185,0.0013514000002032844,0.6344157217440234,0,0,0,,,,,,,,
2026,100,RBF SVM — PCA 2,Classical,2,0,0.8947368421052632,0.8125,0.9285714285714286,0.8666666666666667,0.9818121693121693,0.000997900000129448,0.0007936000001791399,0.001791500000308588,0.6344157217440234,0,0,0,,,,,,,,
2026,100,"QSVC — PCA 2 / 2Q (reps=1, full)",Quantum,2,2,0.8508771929824561,0.8571428571428571,0.7142857142857143,0.7792207792207793,0.9295634920634921,0.0012421999999787658,0.0004883000001427718,0.07157190000043556,0.6344157217440234,80000,91200,171200,7.9375989336760915,6.602826481944499e+18,0.3011421746461994,0.26470842979893044,0.03162720000000263,0.038101499999811494,6.890000031489762e-05,4.380000018500141e-05
2026,100,Linear SVM — PCA 4,Classical,4,0,0.8947368421052632,0.8125,0.9285714285714286,0.8666666666666667,0.9768518518518519,0.0009508999996796774,0.0004239999998389976,0.001374899999518675,0.793771899002953,0,0,0,,,,,,,,
2026,100,RBF SVM — PCA 4,Classical,4,0,0.9385964912280702,0.8723404255319149,0.9761904761904762,0.9213483146067416,0.9854497354497356,0.0015632999998160813,0.0008490999998684856,0.002412399999684567,0.793771899002953,0,0,0,,,,,,,,
2026,100,"QSVC — PCA 4 / 4Q (reps=1, full)",Quantum,4,4,0.8245614035087719,0.7894736842105263,0.7142857142857143,0.75,0.8759920634920635,0.001162400000339403,0.0004486000002543733,0.20050600000058694,0.793771899002953,80000,91200,171200,64.17774995782779,208.3269318375317,0.08411731952566955,0.082369577561244,0.09030739999980142,0.10816019999992932,0.0002463999999235966,0.0001810000003388268
2026,200,Linear SVM — PCA 2,Classical,2,0,0.9210526315789473,0.8666666666666667,0.9285714285714286,0.896551724137931,0.9735449735449735,0.0011978000002272893,0.0004484999999476713,0.0016463000001749606,0.6148442002809893,0,0,0,,,,,,,,
2026,200,RBF SVM — PCA 2,Classical,2,0,0.9122807017543859,0.8478260869565217,0.9285714285714286,0.8863636363636364,0.982473544973545,0.0011008999999830849,0.0009607000001778943,0.002061600000160979,0.6148442002809893,0,0,0,,,,,,,,
2026,200,"QSVC — PCA 2 / 2Q (reps=1, full)",Quantum,2,2,0.8859649122807017,0.8085106382978723,0.9047619047619048,0.8539325842696629,0.9520502645502644,0.0012316000002101646,0.0004739000000881788,0.11649080000006506,0.6148442002809893,320000,182400,502400,7.4116380124039765,6.326677961026802e+18,0.31738902453878415,0.28413380335699745,0.07430010000007314,0.04007319999982428,0.00026099999968209886,0.00015100000018719584
2026,200,Linear SVM — PCA 4,Classical,4,0,0.9385964912280702,0.9069767441860465,0.9285714285714286,0.9176470588235294,0.9890873015873016,0.0012114999999539577,0.00046590000010837684,0.0016774000000623346,0.7835032382865466,0,0,0,,,,,,,,
2026,200,RBF SVM — PCA 4,Classical,4,0,0.9385964912280702,0.8723404255319149,0.9761904761904762,0.9213483146067416,0.9907407407407407,0.001181099999939761,0.001072099999873899,0.00225319999981366,0.7835032382865466,0,0,0,,,,,,,,
2026,200,"QSVC — PCA 4 / 4Q (reps=1, full)",Quantum,4,4,0.8333333333333334,0.7674418604651163,0.7857142857142857,0.7764705882352941,0.9246031746031746,0.0013821000002280925,0.00047249999988707714,0.29502890000048865,0.7835032382865466,320000,182400,502400,84.95572131388373,4110907.625748733,0.08999470671064716,0.09185147514223867,0.1917942000000039,0.10036290000016379,0.0005997000002935238,0.00041749999991225195
2026,300,Linear SVM — PCA 2,Classical,2,0,0.9035087719298246,0.8163265306122449,0.9523809523809523,0.8791208791208791,0.9841269841269842,0.0012540000002445595,0.0004714000001513341,0.0017254000003958936,0.6246924075063335,0,0,0,,,,,,,,
2026,300,RBF SVM — PCA 2,Classical,2,0,0.9210526315789473,0.8666666666666667,0.9285714285714286,0.896551724137931,0.9851190476190477,0.0013266000000839995,0.0011660000000119908,0.0024926000000959903,0.6246924075063335,0,0,0,,,,,,,,
2026,300,"QSVC — PCA 2 / 2Q (reps=1, full)",Quantum,2,2,0.9035087719298246,0.8604651162790697,0.8809523809523809,0.8705882352941177,0.9517195767195767,0.0015963999999257794,0.0007973000001584296,0.14188479999984338,0.6246924075063335,720000,273600,993600,7.539535916512584,4.5615247932465823e+18,0.3156022901565238,0.2831175142135402,0.10014010000031703,0.038135699999656936,0.0009092000000237022,0.00030609999976149993
2026,300,Linear SVM — PCA 4,Classical,4,0,0.956140350877193,0.9111111111111111,0.9761904761904762,0.9425287356321839,0.9947089947089947,0.0015024999997876876,0.00047099999983402085,0.0019734999996217084,0.7932922664310756,0,0,0,,,,,,,,
2026,300,RBF SVM — PCA 4,Classical,4,0,0.9385964912280702,0.8723404255319149,0.9761904761904762,0.9213483146067416,0.9910714285714286,0.0018168000001423934,0.0013257999999041203,0.0031426000000465137,0.7932922664310756,0,0,0,,,,,,,,
2026,300,"QSVC — PCA 4 / 4Q (reps=1, full)",Quantum,4,4,0.8508771929824561,0.7777777777777778,0.8333333333333334,0.8045977011494253,0.9246031746031746,0.0018709000000853848,0.0006184999997458362,0.3984820000005129,0.7932922664310756,720000,273600,993600,93.58031271422439,1.296057851670328e+17,0.09226922294488442,0.09517134718254872,0.2800054999997883,0.11477780000041093,0.0008611000002929359,0.0003482000001895358
2026,455,Linear SVM — PCA 2,Classical,2,0,0.9210526315789473,0.851063829787234,0.9523809523809523,0.898876404494382,0.9880952380952381,0.0021258000001580513,0.00055469999961133,0.0026804999997693812,0.6299184132873158,0,0,0,,,,,,,,
2026,455,RBF SVM — PCA 2,Classical,2,0,0.9210526315789473,0.8666666666666667,0.9285714285714286,0.896551724137931,0.9854497354497355,0.002203199999712524,0.0018549999999777356,0.00405819999969026,0.6299184132873158,0,0,0,,,,,,,,
2026,455,"QSVC — PCA 2 / 2Q (reps=1, full)",Quantum,2,2,0.9298245614035088,0.9473684210526315,0.8571428571428571,0.9,0.9619708994708994,0.0018484999995962426,0.000610199999755423,0.19711659999984477,0.6299184132873158,1656200,414960,2071160,7.644102961949965,5.093925788183689e+19,0.3154176181473804,0.2837420416958258,0.15223310000010315,0.04002519999994547,0.002076000000215572,0.00032360000022890745
2026,455,Linear SVM — PCA 4,Classical,4,0,0.9473684210526315,0.8913043478260869,0.9761904761904762,0.9318181818181818,0.9943783068783069,0.0021870999999009655,0.000571600000057515,0.0027586999999584805,0.7916098794171269,0,0,0,,,,,,,,
2026,455,RBF SVM — PCA 4,Classical,4,0,0.9298245614035088,0.8695652173913043,0.9523809523809523,0.9090909090909091,0.9907407407407407,0.0020461999997678504,0.0017198000000462343,0.0037659999998140847,0.7916098794171269,0,0,0,,,,,,,,
2026,455,"QSVC — PCA 4 / 4Q (reps=1, full)",Quantum,4,4,0.8596491228070176,0.75,0.9285714285714286,0.8297872340425532,0.939484126984127,0.0027149000002282264,0.0006451999997807434,0.5435875000002852,0.7916098794171269,1656200,414960,2071160,97.20956591786096,8.955455163085389e+18,0.09565953974762822,0.10067014163195774,0.43747540000003937,0.10039820000019972,0.0018506999999772233,0.0005031000000599306
