seed,model,kernel,pca_components,inner_cv_f1_mean,inner_cv_f1_std,inner_cv_accuracy_mean,inner_cv_accuracy_std,inner_cv_roc_auc_mean,inner_cv_roc_auc_std,n_folds,selected_C,selected_gamma,search_runtime
42,Linear SVM — PCA 2,linear,2,0.9410494120266822,0.023997097184304126,0.956043956043956,0.017375151978947158,0.9885448916408668,0.006500319309916933,5,0.1,none,0.2931355999999141
42,RBF SVM — PCA 2,rbf,2,0.9305451732931977,0.03453282578937882,0.9472527472527472,0.02623590414574359,0.9736842105263157,0.014516826518715385,5,10.0,0.1,1.5699870000003102
42,"QSVC — PCA 2 / 2Q (reps=1, full)",quantum,2,0.8828645980884786,0.036477720020959344,0.9142857142857143,0.02623590414574359,0.9465428276573787,0.026818385953311322,5,100.0,none,1.1180135999998129
42,Linear SVM — PCA 4,linear,4,0.9558952266575277,0.017625705824060204,0.9670329670329672,0.013458734850457078,0.9928792569659443,0.005330015070636433,5,1.0,none,0.32332280000036917
42,RBF SVM — PCA 4,rbf,4,0.9531898969575027,0.018905124669678343,0.9648351648351647,0.014327917374071748,0.9924664602683178,0.006419950883383221,5,100.0,0.01,1.6334682000001521
42,"QSVC — PCA 4 / 4Q (reps=1, full)",quantum,4,0.871281863916135,0.06713444562023267,0.9076923076923077,0.04504154182839382,0.9687306501547989,0.009895826895994764,5,1.0,none,2.565434599999662
123,Linear SVM — PCA 2,linear,2,0.9319218700399752,0.04699629658843464,0.9494505494505494,0.03351197952082839,0.9874097007223941,0.013324288356309144,5,1.0,none,0.28073700000004465
123,RBF SVM — PCA 2,rbf,2,0.9273173203607987,0.05665983013146945,0.9472527472527472,0.03992505961447243,0.9662538699690403,0.026656568488690146,5,10.0,0.1,1.5283782999999858
123,"QSVC — PCA 2 / 2Q (reps=1, full)",quantum,2,0.9015295718494747,0.06833004080349386,0.9296703296703296,0.04436621810590408,0.9533539731682147,0.050267373988463745,5,100.0,none,1.0343511000000944
123,Linear SVM — PCA 4,linear,4,0.9482061510272756,0.04277949681886479,0.9626373626373625,0.02969067271671718,0.9924664602683178,0.010368821176675643,5,100.0,none,0.31071939999992537
123,RBF SVM — PCA 4,rbf,4,0.9431552760964526,0.03779740181643351,0.9582417582417582,0.027362416698876322,0.9893704850361196,0.012933907693106591,5,10.0,scale,1.792842599999858
123,"QSVC — PCA 4 / 4Q (reps=1, full)",quantum,4,0.8387472249514367,0.020182267091518342,0.8835164835164836,0.014743305346152442,0.9525283797729618,0.019786944776897904,5,1.0,none,2.7057903000004444
456,Linear SVM — PCA 2,linear,2,0.9246283001036522,0.03175646104525416,0.945054945054945,0.02197802197802201,0.9893704850361196,0.0073481870459930106,5,1.0,none,0.30892359999961627
456,RBF SVM — PCA 2,rbf,2,0.9318540878139305,0.030296109844889445,0.9494505494505494,0.02278729819047005,0.9746130030959751,0.016693881999433943,5,100.0,scale,1.6164865000000646
456,"QSVC — PCA 2 / 2Q (reps=1, full)",quantum,2,0.8753691872643486,0.044649034834095214,0.9120879120879121,0.031081616755452682,0.9676986584107328,0.01373266570663586,5,1.0,none,1.0577625999999327
456,Linear SVM — PCA 4,linear,4,0.9577128380996667,0.030544094423308667,0.9692307692307691,0.021137784683155334,0.9932920536635705,0.007084380917309494,5,10.0,none,0.37954979999994976
456,RBF SVM — PCA 4,rbf,4,0.9589640174299314,0.0196086473820108,0.9692307692307693,0.014327917374071755,0.9909184726522188,0.010426436851756898,5,10.0,scale,1.6435897999999725
456,"QSVC — PCA 4 / 4Q (reps=1, full)",quantum,4,0.8383281914164268,0.05115598345006372,0.8835164835164836,0.037748492389709176,0.9594427244582043,0.008114434995173777,5,1.0,none,2.5486825999996654
789,Linear SVM — PCA 2,linear,2,0.940723145490867,0.022715669215468474,0.956043956043956,0.017375151978947134,0.9893704850361196,0.006283719681474047,5,0.1,none,0.30592739999974583
789,RBF SVM — PCA 2,rbf,2,0.9252295905383567,0.019016615176230982,0.945054945054945,0.013458734850457028,0.9882352941176471,0.00616393732054403,5,10.0,0.01,1.5772188000000824
789,"QSVC — PCA 2 / 2Q (reps=1, full)",quantum,2,0.8710686328596777,0.054089123131788513,0.9076923076923077,0.03694007981092661,0.9670794633642931,0.02598078927080978,5,10.0,none,1.0268000000000939
789,Linear SVM — PCA 4,linear,4,0.9455366524023241,0.013002292132625699,0.9604395604395604,0.009828870230768321,0.9913312693498453,0.00729180858697196,5,0.01,none,0.3476934000000256
789,RBF SVM — PCA 4,rbf,4,0.9490728177295342,0.022427086579532594,0.9626373626373625,0.016665660316596796,0.9901960784313726,0.007324597299576087,5,100.0,0.01,1.650223300000107
789,"QSVC — PCA 4 / 4Q (reps=1, full)",quantum,4,0.8630601343101343,0.042695266598185566,0.9032967032967033,0.029486610692304936,0.9472652218782249,0.020108617990051942,5,1.0,none,2.5860947000001033
2026,Linear SVM — PCA 2,linear,2,0.935505328218244,0.02900009155711834,0.9516483516483516,0.022787298190470026,0.989576883384933,0.006897766734964259,5,0.1,none,0.30709109999997963
2026,RBF SVM — PCA 2,rbf,2,0.9390387800605191,0.0257868905198464,0.9538461538461538,0.021137784683155338,0.9884416924664603,0.00738433181424079,5,10.0,0.01,1.5034197999998469
2026,"QSVC — PCA 2 / 2Q (reps=1, full)",quantum,2,0.8726344388310328,0.02078361906263685,0.9076923076923077,0.019962529807236215,0.9447884416924666,0.025662690404144935,5,10.0,none,1.0438829999998234
2026,Linear SVM — PCA 4,linear,4,0.9606796057631668,0.03201979684282139,0.9714285714285715,0.022787298190470043,0.993498452012384,0.006938178044983079,5,0.1,none,0.31209390000003623
2026,RBF SVM — PCA 4,rbf,4,0.9551206481527702,0.028600065891725365,0.9670329670329672,0.020558557070186514,0.993498452012384,0.006273117818546577,5,10.0,0.01,1.7309614999999212
2026,"QSVC — PCA 4 / 4Q (reps=1, full)",quantum,4,0.8701724208627194,0.0345172065938307,0.9054945054945055,0.02529860314993701,0.9619195046439628,0.007997103721799556,5,1.0,none,2.5200314999997317
